City_ID,City,Country,Date,Lat,Lng,Max Temp,Humidity,Cloudiness,Wind Speed
0,Qaanaaq,GL,2020-06-26 00:21:30,77.48,-69.36,38.14,78,6,3.18
1,Busselton,AU,2020-06-26 00:21:31,-33.65,115.33,53.01,81,50,14.16
2,Victoria,HK,2020-06-26 00:18:00,22.29,114.16,87.01,70,100,13.0
3,Castro,BR,2020-06-26 00:21:35,-24.79,-50.01,61.0,95,89,9.82
4,Yellowknife,CA,2020-06-26 00:21:36,62.46,-114.35,62.6,59,75,11.41
5,Saint-Philippe,RE,2020-06-26 00:21:47,-21.36,55.77,71.6,78,39,26.4
6,Matagami,CA,2020-06-26 00:22:15,49.75,-77.63,55.4,93,90,8.05
7,Atuona,PF,2020-06-26 00:21:34,-9.8,-139.03,80.02,74,10,12.8
8,Arraial Do Cabo,BR,2020-06-26 00:21:33,-22.97,-42.03,68.0,88,100,5.82
9,Perpignan,FR,2020-06-26 00:22:15,42.75,2.75,71.01,94,40,2.24
10,Barrow,US,2020-06-26 00:21:33,71.29,-156.79,44.6,87,75,10.29
11,Hilo,US,2020-06-26 00:19:09,19.73,-155.09,84.2,58,1,10.29
12,Ust-Maya,RU,2020-06-26 00:22:08,60.42,134.53,75.7,44,9,1.16
13,Aviles,ES,2020-06-26 00:22:15,43.55,-5.92,63.0,93,90,4.7
14,Aswan,EG,2020-06-26 00:22:15,24.09,32.91,80.89,28,0,12.37
15,Punta Arenas,CL,2020-06-26 00:21:36,-53.15,-70.92,28.4,86,11,8.05
16,Mataura,NZ,2020-06-26 00:21:36,-46.19,168.86,39.0,83,23,3.0
17,Sulangan,PH,2020-06-26 00:22:15,11.14,123.72,82.36,74,100,7.63
18,Faanui,PF,2020-06-26 00:21:43,-16.48,-151.75,78.84,79,82,12.15
19,Lorengau,PG,2020-06-26 00:21:56,-2.02,147.27,85.64,70,72,13.29
20,Kapaa,US,2020-06-26 00:21:45,22.08,-159.32,84.2,70,40,9.17
21,Luanda,AO,2020-06-26 00:22:16,-8.84,13.23,73.4,83,75,5.82
22,Chicama,PE,2020-06-26 00:22:16,-7.84,-79.15,64.17,79,13,6.02
23,Saint George,US,2020-06-26 00:16:56,37.1,-113.58,104.0,7,1,16.11
24,Chokurdakh,RU,2020-06-26 00:21:37,70.63,147.92,55.24,47,9,15.95
25,Maldonado,UY,2020-06-26 00:22:16,-34.67,-54.92,52.0,62,75,18.34
26,Marawi,PH,2020-06-26 00:22:16,8.0,124.29,80.01,85,88,1.99
27,Airai,TL,2020-06-26 00:21:41,-8.93,125.41,63.66,81,37,3.96
28,Missoula,US,2020-06-26 00:22:16,47.02,-113.8,84.2,28,1,4.72
29,Albany,US,2020-06-26 00:21:37,42.6,-73.97,73.99,49,58,5.01
30,Yeppoon,AU,2020-06-26 00:22:16,-23.13,150.73,62.6,45,0,4.7
31,Hobart,AU,2020-06-26 00:18:33,-42.88,147.33,48.2,61,20,10.29
32,Rikitea,PF,2020-06-26 00:21:30,-23.12,-134.97,75.0,84,65,24.18
33,Alofi,NU,2020-06-26 00:21:57,-19.06,-169.92,77.0,83,75,10.29
34,Richards Bay,ZA,2020-06-26 00:21:40,-28.78,32.04,66.25,74,0,16.49
35,Taperoa,BR,2020-06-26 00:22:16,-7.21,-36.83,68.49,81,13,13.69
36,Lagoa,PT,2020-06-26 00:22:04,39.05,-27.98,65.75,93,95,16.42
37,Shimoda,JP,2020-06-26 00:21:51,34.67,138.95,79.0,100,75,19.46
38,Miguel Hidalgo,MX,2020-06-26 00:22:16,19.42,-99.2,68.0,52,90,20.8
39,Narsaq,GL,2020-06-26 00:21:52,60.92,-46.05,44.6,75,99,3.36
40,Medicine Hat,CA,2020-06-26 00:20:54,50.05,-110.67,79.0,36,75,11.41
41,Ushuaia,AR,2020-06-26 00:21:31,-54.8,-68.3,35.6,74,20,23.04
42,Souillac,MU,2020-06-26 00:21:46,-20.52,57.52,71.6,73,75,12.75
43,Avarua,CK,2020-06-26 00:19:51,-21.21,-159.78,75.2,57,23,5.82
44,Wanaka,NZ,2020-06-26 00:22:17,-44.7,169.15,39.0,89,83,1.43
45,Saldanha,ZA,2020-06-26 00:21:47,-33.01,17.94,57.2,93,87,11.41
46,Cariamanga,EC,2020-06-26 00:22:17,-4.33,-79.55,55.72,100,81,2.73
47,Ilulissat,GL,2020-06-26 00:21:40,69.22,-51.1,39.2,86,100,3.36
48,Dikson,RU,2020-06-26 00:21:41,73.51,80.55,35.82,95,100,6.71
49,Hermanus,ZA,2020-06-26 00:21:33,-34.42,19.23,59.0,78,91,1.99
50,Tabou,CI,2020-06-26 00:22:17,4.42,-7.35,75.87,85,96,9.42
51,Tiksi,RU,2020-06-26 00:21:54,71.69,128.87,47.55,81,43,4.9
52,Hasaki,JP,2020-06-26 00:21:37,35.73,140.83,69.01,100,75,1.12
53,Trollhattan,SE,2020-06-26 00:22:17,58.23,12.42,62.6,93,11,1.1
54,Roald,NO,2020-06-26 00:22:09,62.58,6.13,61.0,87,72,4.7
55,Kaitangata,NZ,2020-06-26 00:21:33,-46.28,169.85,51.01,61,52,3.0
56,Muzhi,RU,2020-06-26 00:21:06,65.37,64.67,47.75,70,94,19.08
57,Severo-Kurilsk,RU,2020-06-26 00:21:36,50.68,156.12,52.57,64,69,11.52
58,Porto Santo,PT,2020-06-26 00:18:28,33.07,-16.34,68.0,68,20,13.87
59,Porto Walter,BR,2020-06-26 00:22:17,-8.27,-72.74,78.85,72,40,3.67
60,Esperance,AU,2020-06-26 00:22:17,-33.87,121.9,51.8,57,30,17.22
61,Sibolga,ID,2020-06-26 00:22:17,1.74,98.78,77.2,75,100,2.26
62,Bengkulu,ID,2020-06-26 00:21:42,-3.8,102.27,75.67,84,2,4.16
63,Codrington,AU,2020-06-26 00:21:39,-38.27,141.97,47.91,77,90,5.17
64,Moron,AR,2020-06-26 00:20:21,-34.65,-58.62,48.0,75,0,6.71
65,Manta,EC,2020-06-26 00:22:18,-0.95,-80.73,75.2,88,75,13.87
66,Vao,NC,2020-06-26 00:22:02,-22.67,167.48,69.49,56,32,9.04
67,Barguzin,RU,2020-06-26 00:22:18,53.62,109.62,70.41,47,17,2.39
68,Chinchani,IN,2020-06-26 00:22:18,19.87,72.7,84.7,79,99,7.34
69,Cape Town,ZA,2020-06-26 00:21:30,-33.93,18.42,57.99,87,90,6.93
70,Pevek,RU,2020-06-26 00:21:36,69.7,170.31,33.46,94,60,14.32
71,Mount Vernon,US,2020-06-26 00:17:57,40.91,-73.84,80.6,42,75,16.11
72,Brigantine,US,2020-06-26 00:22:18,39.41,-74.36,80.6,51,40,5.82
73,Nanortalik,GL,2020-06-26 00:21:50,60.14,-45.24,40.73,92,100,2.26
74,Port Elizabeth,ZA,2020-06-26 00:21:44,-33.92,25.57,60.8,93,0,10.29
75,Jasper,US,2020-06-26 00:20:04,37.2,-94.35,91.4,36,1,10.29
76,Ponta Do Sol,PT,2020-06-26 00:21:35,32.67,-17.1,68.0,72,40,9.17
77,Butaritari,KI,2020-06-26 00:21:34,3.07,172.79,83.1,72,35,11.74
78,Portland,US,2020-06-26 00:22:18,45.52,-122.68,86.0,39,75,11.41
79,Havelock,US,2020-06-26 00:20:51,34.88,-76.9,75.99,88,77,4.0
80,Mazatlan,MX,2020-06-26 00:21:29,23.22,-106.42,87.01,66,40,8.05
81,Ostrovnoy,RU,2020-06-26 00:22:03,68.05,39.51,52.57,70,86,9.62
82,Karratha,AU,2020-06-26 00:22:18,-20.74,116.85,67.55,38,0,10.22
83,Bredasdorp,ZA,2020-06-26 00:21:39,-34.53,20.04,55.4,93,57,6.93
84,Taft,IR,2020-06-26 00:22:18,31.75,54.21,86.0,15,0,6.93
85,Nauta,PE,2020-06-26 00:22:18,-4.51,-73.58,74.61,95,100,0.94
86,Porto Novo,BJ,2020-06-26 00:22:03,6.5,2.6,80.6,88,40,12.75
87,Bluff,NZ,2020-06-26 00:21:41,-46.6,168.33,39.0,83,3,3.0
88,Dzhebariki-Khaya,RU,2020-06-26 00:22:19,62.22,135.8,79.34,38,1,2.71
89,Mercedes,AR,2020-06-26 00:22:19,-34.65,-59.43,44.01,80,0,7.31
90,Pangnirtung,CA,2020-06-26 00:21:56,66.15,-65.71,48.29,59,49,2.28
91,Uitenhage,ZA,2020-06-26 00:22:19,-33.76,25.4,60.8,93,0,10.29
92,Lata,PT,2020-06-26 00:22:19,40.16,-8.33,64.99,79,27,4.94
93,Manokwari,ID,2020-06-26 00:22:19,-0.87,134.08,82.02,74,100,6.49
94,Yambio,SS,2020-06-26 00:22:19,4.57,28.4,66.33,97,54,3.2
95,Torbat-E Jam,IR,2020-06-26 00:22:19,35.24,60.62,74.7,19,0,6.96
96,Belyy Yar,RU,2020-06-26 00:22:19,53.6,91.39,60.8,93,40,2.24
97,Dunedin,NZ,2020-06-26 00:18:53,-45.87,170.5,51.01,73,91,1.99
98,Provideniya,RU,2020-06-26 00:21:55,64.38,-173.3,46.4,70,75,15.66
99,Klaksvik,FO,2020-06-26 00:21:46,62.23,-6.59,53.6,76,100,8.05
100,Sorland,NO,2020-06-26 00:21:55,67.67,12.69,52.11,89,68,14.85
101,Jizan,SA,2020-06-26 00:22:19,17.33,42.67,89.6,70,5,5.82
102,Danielskuil,ZA,2020-06-26 00:22:19,-28.19,23.54,46.83,52,0,11.23
103,Hami,CN,2020-06-26 00:22:19,42.8,93.45,81.43,21,99,4.63
104,Concepcion Del Uruguay,AR,2020-06-26 00:22:19,-32.48,-58.24,46.0,77,0,5.53
105,Shaunavon,CA,2020-06-26 00:18:13,49.65,-108.42,72.88,39,8,9.71
106,Remanso,BR,2020-06-26 00:22:20,-9.62,-42.08,74.91,73,12,11.88
107,Ibra,OM,2020-06-26 00:22:20,22.69,58.53,78.04,80,29,2.08
108,Tasiilaq,GL,2020-06-26 00:21:31,65.61,-37.64,39.2,93,98,8.05
109,Erzin,TR,2020-06-26 00:22:20,36.96,36.2,73.0,89,5,0.51
110,Beatrice,US,2020-06-26 00:22:20,40.27,-96.75,89.6,43,1,10.29
111,Upernavik,GL,2020-06-26 00:21:50,72.79,-56.15,37.24,90,30,2.71
112,Nikolskoye,RU,2020-06-26 00:21:40,59.7,30.79,62.6,77,8,4.47
113,Mahebourg,MU,2020-06-26 00:21:44,-20.41,57.7,71.6,73,75,12.75
114,Nisia Floresta,BR,2020-06-26 00:22:20,-6.09,-35.21,75.2,78,23,6.93
115,Fukuchiyama,JP,2020-06-26 00:22:20,35.3,135.12,79.0,94,75,3.36
116,Jamestown,US,2020-06-26 00:21:36,42.1,-79.24,71.6,49,20,12.75
117,Ponta Delgada,PT,2020-06-26 00:22:20,37.73,-25.67,64.4,93,40,14.99
118,Burgeo,CA,2020-06-26 00:22:20,47.62,-57.62,60.78,96,98,8.12
119,Palmer,US,2020-06-26 00:21:42,42.16,-72.33,80.6,32,20,6.93
120,Kasongo-Lunda,CD,2020-06-26 00:22:20,-6.47,16.82,68.85,42,54,1.7
121,Ashland,US,2020-06-26 00:22:21,40.82,-82.27,78.8,41,1,5.82
122,Cherskiy,RU,2020-06-26 00:21:51,68.75,161.3,52.68,59,95,20.36
123,Pochutla,MX,2020-06-26 00:22:21,15.74,-96.47,84.99,68,89,7.34
124,Nan,TH,2020-06-26 00:22:21,18.83,100.67,75.2,100,90,0.36
125,Carnarvon,AU,2020-06-26 00:21:39,-24.87,113.63,59.0,87,0,6.93
126,Clyde River,CA,2020-06-26 00:21:45,70.47,-68.59,42.8,87,40,10.29
127,Smiltene,LV,2020-06-26 00:22:21,57.42,25.9,62.01,79,0,0.4
128,Ankara,TR,2020-06-26 00:19:02,39.92,32.85,69.8,60,19,9.17
129,Fukue,JP,2020-06-26 00:22:21,32.69,128.84,75.2,88,75,8.05
130,Mandalgovi,MN,2020-06-26 00:21:59,45.76,106.27,61.57,59,0,4.54
131,Vaini,TO,2020-06-26 00:21:30,-21.2,-175.2,78.8,78,40,8.05
132,Muncar,ID,2020-06-26 00:22:21,-8.43,114.33,75.29,89,61,1.48
133,Marilandia,BR,2020-06-26 00:22:21,-19.41,-40.54,66.88,80,68,1.83
134,Kruisfontein,ZA,2020-06-26 00:22:01,-34.0,24.73,57.56,87,0,6.93
135,Georgetown,MY,2020-06-26 00:18:36,5.41,100.34,78.8,88,20,5.7
136,Timiryazevskiy,RU,2020-06-26 00:22:21,56.49,84.88,57.99,78,13,5.84
137,Karaton,ID,2020-06-26 00:22:07,-6.34,106.1,78.8,88,20,4.7
138,Challapata,BO,2020-06-26 00:21:41,-18.9,-66.77,43.81,47,6,7.38
139,Jalu,LY,2020-06-26 00:22:09,29.03,21.55,74.93,55,0,11.5
140,Mangrol,IN,2020-06-26 00:22:21,21.12,70.12,84.83,76,39,10.27
141,Magdagachi,RU,2020-06-26 00:22:21,53.45,125.8,75.2,43,50,1.16
142,Kodiak,US,2020-06-26 00:21:36,57.79,-152.41,51.8,81,90,11.41
143,Cozumel,MX,2020-06-26 00:21:17,20.51,-86.95,86.0,79,40,6.93
144,Iskateley,RU,2020-06-26 00:21:54,67.68,53.15,40.71,85,100,11.16
145,Christchurch,NZ,2020-06-26 00:21:41,-43.53,172.63,51.01,93,100,13.87
146,Kahului,US,2020-06-26 00:22:00,20.89,-156.47,91.4,46,40,24.16
147,Dingle,PH,2020-06-26 00:21:52,11.0,122.67,81.64,80,99,3.27
148,Gorele,TR,2020-06-26 00:21:41,41.03,39.0,69.8,83,40,4.7
149,Qandala,SO,2020-06-26 00:22:22,11.47,49.87,90.73,54,84,6.04
150,East London,ZA,2020-06-26 00:21:51,-33.02,27.91,69.87,25,0,10.29
151,Podlesnoye,RU,2020-06-26 00:22:22,51.82,47.01,50.38,86,0,4.92
152,Yar-Sale,RU,2020-06-26 00:22:22,66.83,70.83,50.59,83,100,17.09
153,Doctor Arroyo,MX,2020-06-26 00:22:22,23.67,-100.18,75.29,48,100,7.61
154,Urgut,UZ,2020-06-26 00:22:22,39.4,67.24,71.6,43,0,9.17
155,Paita,PE,2020-06-26 00:22:22,-5.09,-81.11,65.19,84,44,13.44
156,Ribeira Grande,PT,2020-06-26 00:21:38,38.52,-28.7,65.89,89,68,10.89
157,Grand-Santi,GF,2020-06-26 00:22:22,4.25,-54.38,74.53,96,100,2.1
158,Fernley,US,2020-06-26 00:22:22,39.61,-119.25,93.99,15,18,4.0
159,Lebu,CL,2020-06-26 00:21:56,-37.62,-73.65,46.72,89,98,8.28
160,Dingli,MT,2020-06-26 00:22:23,35.86,14.38,72.0,88,0,6.93
161,Niquero,CU,2020-06-26 00:22:23,20.04,-77.58,82.56,77,77,5.79
162,Valleyview,CA,2020-06-26 00:20:27,55.07,-117.29,62.89,59,100,4.72
163,Port Alfred,ZA,2020-06-26 00:21:32,-33.59,26.89,68.77,27,0,16.89
164,Tuam,IE,2020-06-26 00:22:23,53.52,-8.85,57.0,75,99,1.01
165,Zhuanghe,CN,2020-06-26 00:22:23,39.7,122.99,72.63,74,0,10.74
166,Tazmalt,DZ,2020-06-26 00:22:23,36.39,4.4,69.8,88,40,2.24
167,Sa Kaeo,TH,2020-06-26 00:22:23,13.81,102.07,79.16,88,100,2.59
168,Iqaluit,CA,2020-06-26 00:21:51,63.75,-68.51,42.8,75,20,5.82
169,Mathbaria,BD,2020-06-26 00:22:23,22.29,89.96,83.1,83,95,11.97
170,Praya,CV,2020-06-26 00:22:23,14.92,-23.51,77.0,69,20,13.87
171,San Juan,AR,2020-06-26 00:19:00,-31.54,-68.54,46.98,51,31,4.68
172,Puerto Ayora,EC,2020-06-26 00:18:59,-0.74,-90.35,75.2,69,75,11.41
173,Saint-Pierre,RE,2020-06-26 00:22:23,-21.34,55.48,71.6,78,6,26.4
174,Salalah,OM,2020-06-26 00:22:09,17.02,54.09,82.4,88,40,3.36
175,Erdenet,MN,2020-06-26 00:22:23,49.03,104.08,62.56,59,21,1.32
176,Carndonagh,IE,2020-06-26 00:22:23,55.25,-7.27,59.22,93,100,2.42
177,Bafoulabe,ML,2020-06-26 00:22:23,13.81,-10.83,85.06,57,100,5.86
178,Nuevo Progreso,MX,2020-06-26 00:22:23,23.17,-97.95,82.0,64,100,3.0
179,Kurchum,KZ,2020-06-26 00:22:23,48.57,83.65,65.86,59,5,4.27
180,Clinton,US,2020-06-26 00:18:43,42.59,-82.92,80.01,39,40,11.41
181,Conceicao Da Barra,BR,2020-06-26 00:22:24,-18.59,-39.73,70.48,85,2,4.68
182,Mar Del Plata,AR,2020-06-26 00:17:30,-38.0,-57.56,44.01,80,13,9.17
183,Urumqi,CN,2020-06-26 00:22:24,43.8,87.6,69.8,43,99,6.71
184,Touros,BR,2020-06-26 00:22:24,-5.2,-35.46,73.4,88,21,3.36
185,Takoradi,GH,2020-06-26 00:22:01,4.88,-1.76,77.22,84,99,10.58
186,Los Llanos De Aridane,ES,2020-06-26 00:22:24,28.66,-17.92,71.6,78,20,19.46
187,Khatanga,RU,2020-06-26 00:21:50,71.97,102.5,68.88,58,100,14.36
188,Mount Gambier,AU,2020-06-26 00:21:32,-37.83,140.77,46.4,93,59,6.93
189,Bethel,US,2020-06-26 00:21:55,41.37,-73.41,77.0,50,1,10.29
190,Luganville,VU,2020-06-26 00:22:24,-15.53,167.17,80.6,88,75,4.7
191,Broken Hill,AU,2020-06-26 00:21:37,-31.95,141.43,55.4,62,22,10.29
192,Cidreira,BR,2020-06-26 00:18:13,-30.18,-50.21,56.08,80,100,17.58
193,Am Timan,TD,2020-06-26 00:21:46,11.03,20.28,76.01,78,75,8.81
194,Svetlogorsk,BY,2020-06-26 00:22:24,52.63,29.73,60.1,82,0,2.28
195,Upala,CR,2020-06-26 00:22:24,10.9,-85.01,86.0,66,25,5.82
196,Pinheiro,BR,2020-06-26 00:22:25,-2.52,-45.08,73.8,96,30,2.57
197,Den Helder,NL,2020-06-26 00:22:25,52.96,4.76,73.4,73,0,9.17
198,Kandrian,PG,2020-06-26 00:22:25,-6.22,149.55,82.33,80,48,10.89
199,Khalabat,PK,2020-06-26 00:22:25,34.06,72.89,82.0,100,0,4.7
200,Westport,US,2020-06-26 00:22:01,41.14,-73.36,77.0,61,1,6.93
201,Kloulklubed,PW,2020-06-26 00:21:54,7.04,134.26,82.4,83,90,9.17
202,Kisangani,CD,2020-06-26 00:21:32,0.52,25.2,71.01,92,99,1.81
203,Verkhnyaya Inta,RU,2020-06-26 00:22:25,65.98,60.31,41.72,92,100,8.95
204,Bria,CF,2020-06-26 00:22:25,6.54,21.99,66.16,92,100,2.8
205,Alyangula,AU,2020-06-26 00:21:54,-13.85,136.42,80.6,51,86,11.41
206,Longyearbyen,SJ,2020-06-26 00:21:34,78.22,15.64,46.4,87,75,2.24
207,Sivas,TR,2020-06-26 00:22:25,39.79,37.0,48.2,93,4,4.27
208,Zonguldak,TR,2020-06-26 00:22:25,41.25,31.83,59.52,93,0,2.17
209,Nouakchott,MR,2020-06-26 00:21:58,18.09,-15.98,77.0,78,18,18.34
210,Tyrma,RU,2020-06-26 00:22:25,50.08,132.17,58.78,82,99,2.75
211,Sao Joao Da Barra,BR,2020-06-26 00:22:25,-21.64,-41.05,72.25,85,100,17.43
212,Erenhot,CN,2020-06-26 00:22:06,43.65,111.98,69.03,45,0,9.6
213,Crossville,US,2020-06-26 00:22:25,35.95,-85.03,79.0,50,20,3.36
214,Acapulco,MX,2020-06-26 00:22:09,16.86,-99.89,77.0,94,90,10.29
215,The Pas,CA,2020-06-26 00:22:26,53.83,-101.25,69.8,73,40,6.93
216,Nilanga,IN,2020-06-26 00:22:26,18.1,76.77,79.92,73,87,8.34
217,Luderitz,NA,2020-06-26 00:21:40,-26.65,15.16,57.2,82,22,2.24
218,Guanica,PR,2020-06-26 00:22:26,17.97,-66.91,84.0,65,1,4.0
219,Kindu,CD,2020-06-26 00:22:26,-2.95,25.95,74.14,66,78,1.59
220,Clyde,US,2020-06-26 00:20:29,41.3,-82.98,79.0,53,20,4.7
221,Mayya,RU,2020-06-26 00:22:26,61.73,130.28,71.6,49,0,4.47
222,West Odessa,US,2020-06-26 00:22:26,31.84,-102.5,95.0,21,20,10.29
223,Aklavik,CA,2020-06-26 00:21:58,68.22,-135.01,64.4,55,75,8.05
224,Gagarin,RU,2020-06-26 00:22:26,55.55,35.0,58.53,90,18,6.62
225,Gladstone,AU,2020-06-26 00:22:26,-23.85,151.25,62.6,51,0,8.05
226,Laguna,US,2020-06-26 00:19:33,38.42,-121.42,98.01,30,1,10.29
227,Beloha,MG,2020-06-26 00:22:26,-25.17,45.05,65.26,81,3,10.67
228,Sao Luiz Gonzaga,BR,2020-06-26 00:20:02,-28.41,-54.96,47.53,92,54,5.93
229,Lompoc,US,2020-06-26 00:19:46,34.64,-120.46,68.0,68,16,13.87
230,Chuy,UY,2020-06-26 00:21:37,-33.7,-53.46,47.08,78,21,11.54
231,Faya,SA,2020-06-26 00:22:08,18.39,42.45,71.6,42,0,2.04
232,Naigarhi,IN,2020-06-26 00:22:26,24.78,81.78,84.94,67,100,9.4
233,Qujing,CN,2020-06-26 00:21:53,25.48,103.78,65.21,89,100,8.25
234,Lensk,RU,2020-06-26 00:22:02,60.73,114.93,69.46,64,42,2.39
235,Kimbe,PG,2020-06-26 00:22:26,-5.55,150.14,87.3,59,6,5.35
236,Vijapur,IN,2020-06-26 00:22:27,23.57,72.75,84.2,83,75,5.82
237,Mayo,US,2020-06-26 00:22:27,38.89,-76.51,73.99,78,90,12.75
238,Ketchikan,US,2020-06-26 00:22:27,55.34,-131.65,51.8,87,90,12.75
239,Diu,IN,2020-06-26 00:22:27,20.71,70.98,84.78,77,72,10.07
240,Youkounkoun,GN,2020-06-26 00:22:27,12.53,-13.13,74.68,84,100,2.48
241,San Patricio,MX,2020-06-26 00:21:36,19.22,-104.7,91.4,70,75,11.41
242,Surin,TH,2020-06-26 00:22:27,14.88,103.49,86.0,90,100,8.1
243,West Plains,US,2020-06-26 00:22:27,36.73,-91.85,86.0,51,1,8.05
244,Thompson,CA,2020-06-26 00:21:50,55.74,-97.86,66.2,82,75,8.05
245,Rawson,AR,2020-06-26 00:21:01,-43.3,-65.1,43.36,74,43,21.52
246,Santa Cruz De La Palma,ES,2020-06-26 00:22:27,28.68,-17.76,71.6,78,20,19.46
247,Rio Gallegos,AR,2020-06-26 00:20:04,-51.62,-69.22,28.4,100,64,6.93
248,Kavieng,PG,2020-06-26 00:22:02,-2.57,150.8,85.33,68,57,12.46
249,Daugai,LT,2020-06-26 00:22:27,54.37,24.33,64.4,77,0,3.36
250,Seymchan,RU,2020-06-26 00:22:27,62.88,152.43,82.67,28,41,7.27
251,Cabo San Lucas,MX,2020-06-26 00:21:32,22.89,-109.91,93.2,16,5,8.05
252,Mnogovershinnyy,RU,2020-06-26 00:22:27,53.94,139.92,51.01,91,100,1.99
253,Raudeberg,NO,2020-06-26 00:22:27,61.99,5.14,59.0,83,66,2.26
254,Tshikapa,CD,2020-06-26 00:22:28,-6.42,20.8,71.55,36,80,3.06
255,Darhan,MN,2020-06-26 00:22:28,49.49,105.92,67.42,56,13,3.49
256,Dawei,MM,2020-06-26 00:22:28,14.08,98.2,79.83,81,100,2.15
257,Ancud,CL,2020-06-26 00:21:32,-41.87,-73.82,43.0,100,90,2.24
258,Ruwi,OM,2020-06-26 00:22:28,23.6,58.55,89.6,66,1,2.24
259,Kiunga,PG,2020-06-26 00:22:28,-6.12,141.29,78.13,92,100,2.48
260,Bonthe,SL,2020-06-26 00:21:36,7.53,-12.51,77.32,88,100,7.45
261,Sao Filipe,CV,2020-06-26 00:21:35,14.9,-24.5,74.46,82,16,3.56
262,Auki,SB,2020-06-26 00:22:28,-8.77,160.7,86.02,63,70,5.39
263,Pisco,PE,2020-06-26 00:21:33,-13.7,-76.22,62.6,88,90,6.93
264,Svetlyy,RU,2020-06-26 00:21:49,54.67,20.13,64.4,88,40,4.47
265,Tupelo,US,2020-06-26 00:17:42,34.26,-88.7,82.4,74,75,5.82
266,Grindavik,IS,2020-06-26 00:21:59,63.84,-22.43,48.2,93,75,6.93
267,Nyurba,RU,2020-06-26 00:22:28,63.28,118.33,72.39,56,1,0.07
268,Saskylakh,RU,2020-06-26 00:21:40,71.92,114.08,85.08,26,50,10.6
269,Umba,RU,2020-06-26 00:22:28,66.69,34.34,54.97,87,93,5.97
270,Cadillac,US,2020-06-26 00:22:04,44.25,-85.4,73.4,28,1,6.93
271,Leo,BF,2020-06-26 00:22:28,11.1,-2.1,80.92,65,84,7.65
272,Leningradskiy,RU,2020-06-26 00:21:52,69.38,178.42,35.44,94,100,1.48
273,Palora,EC,2020-06-26 00:22:29,-1.7,-77.93,68.0,94,75,1.97
274,Puerto Baquerizo Moreno,EC,2020-06-26 00:22:29,-0.9,-89.6,71.6,83,75,13.87
275,Caravelas,BR,2020-06-26 00:21:45,-17.71,-39.25,69.37,82,0,2.53
276,San Quintin,MX,2020-06-26 00:21:55,30.48,-115.95,69.31,66,1,12.28
277,Adrar,MR,2020-06-26 00:22:29,20.5,-10.07,96.76,10,0,10.11
278,Hofn,IS,2020-06-26 00:22:03,64.25,-15.21,50.45,85,82,2.64
279,Yumen,CN,2020-06-26 00:22:29,40.28,97.2,71.82,21,39,5.44
280,Canete,CL,2020-06-26 00:22:29,-37.8,-73.4,43.05,88,95,4.12
281,Haines Junction,CA,2020-06-26 00:22:29,60.75,-137.51,58.6,37,100,9.15
282,San Cristobal,VE,2020-06-26 00:22:29,7.77,-72.22,87.8,48,40,8.05
283,Praia Da Vitoria,PT,2020-06-26 00:21:43,38.73,-27.07,68.0,94,75,14.5
284,Rafsanjan,IR,2020-06-26 00:22:29,30.41,55.99,80.04,15,0,5.61
285,Takanabe,JP,2020-06-26 00:22:29,32.13,131.5,84.2,79,75,3.36
286,Soller,ES,2020-06-26 00:22:29,39.77,2.72,73.99,46,0,3.36
287,Plaster Rock,CA,2020-06-26 00:22:29,46.91,-67.39,71.6,49,20,4.7
288,New Norfolk,AU,2020-06-26 00:21:48,-42.78,147.06,46.0,83,0,1.99
289,Atherton,GB,2020-06-26 00:17:25,53.52,-2.49,71.01,70,77,3.0
290,Tabuk,PH,2020-06-26 00:22:29,17.42,121.44,81.05,73,93,3.83
291,Tias,ES,2020-06-26 00:22:29,28.96,-13.64,71.6,68,75,13.87
292,Kochi,IN,2020-06-26 00:22:29,9.94,76.26,77.0,94,40,4.63
293,Riyadh,SA,2020-06-26 00:18:54,24.69,46.72,82.4,21,0,4.7
294,Havoysund,NO,2020-06-26 00:21:45,71.0,24.66,48.2,93,75,19.46
295,Minchinabad,PK,2020-06-26 00:22:30,30.16,73.57,90.1,45,1,3.47
296,Yulara,AU,2020-06-26 00:22:30,-25.24,130.99,50.0,46,0,8.05
297,Manaus,BR,2020-06-26 00:22:30,-3.1,-60.02,84.2,74,20,4.7
298,Sola,VU,2020-06-26 00:21:59,-13.88,167.55,80.96,84,1,15.19
299,Saurimo,AO,2020-06-26 00:22:30,-9.66,20.39,57.24,38,87,5.17
300,Ayan,RU,2020-06-26 00:22:08,56.45,138.17,45.75,92,99,4.25
301,Avera,US,2020-06-26 00:21:57,33.19,-82.53,80.01,94,75,11.41
302,Mitchell,US,2020-06-26 00:22:30,43.71,-98.03,66.2,88,40,16.11
303,Eureka,US,2020-06-26 00:20:51,40.8,-124.16,68.0,68,1,10.29
304,Ayame,CI,2020-06-26 00:22:30,5.61,-3.16,74.39,93,96,3.74
305,Barra Do Bugres,BR,2020-06-26 00:22:30,-15.07,-57.18,77.54,55,95,2.53
306,Sawtell,AU,2020-06-26 00:22:30,-30.38,153.1,62.6,51,3,12.75
307,Tromso,NO,2020-06-26 00:22:30,69.65,18.96,51.8,81,75,18.34
308,Calbuco,CL,2020-06-26 00:22:30,-41.77,-73.13,44.6,87,90,10.29
309,Lashio,MM,2020-06-26 00:22:30,22.93,97.75,69.06,100,100,0.96
310,Tahoua,NE,2020-06-26 00:22:30,14.89,5.27,95.0,30,3,4.7
311,Huejuquilla El Alto,MX,2020-06-26 00:22:30,22.6,-103.87,74.88,43,87,3.36
312,Norman,US,2020-06-26 00:22:30,35.22,-97.44,88.0,45,1,12.75
313,Ixtapa,MX,2020-06-26 00:22:31,20.7,-105.2,84.99,70,75,11.41
314,Kavaratti,IN,2020-06-26 00:22:31,10.57,72.64,81.84,77,100,23.51
315,Ust-Karsk,RU,2020-06-26 00:22:31,52.7,118.81,73.33,42,71,5.03
316,Poum,NC,2020-06-26 00:22:31,-20.23,164.02,71.71,65,61,12.08
317,Xining,CN,2020-06-26 00:22:31,36.62,101.77,56.55,58,100,2.84
318,Kinshasa,CD,2020-06-26 00:22:31,-4.32,15.32,76.17,62,63,4.72
319,Obo,CF,2020-06-26 00:22:31,5.4,26.49,66.94,98,67,3.53
320,Vanimo,PG,2020-06-26 00:21:42,-2.67,141.3,84.13,72,100,9.04
321,Mitsamiouli,KM,2020-06-26 00:22:31,-11.38,43.28,77.83,73,6,7.83
322,Kamaishi,JP,2020-06-26 00:22:31,39.27,141.88,62.6,100,75,8.05
323,Karoi,ZW,2020-06-26 00:22:31,-16.81,29.69,52.43,96,6,6.33
324,Deep River,CA,2020-06-26 00:22:31,46.1,-77.5,75.2,38,75,12.75
325,Tukrah,LY,2020-06-26 00:22:31,32.53,20.58,70.86,86,14,9.98
326,Bom Jardim,BR,2020-06-26 00:22:31,-7.8,-35.59,66.52,97,32,4.27
327,Preobrazheniye,RU,2020-06-26 00:22:31,42.9,133.91,58.19,93,100,15.86
328,Alberton,CA,2020-06-26 00:22:31,46.82,-64.07,69.33,66,71,8.77
329,Cape Canaveral,US,2020-06-26 00:22:32,28.41,-80.6,84.99,78,1,3.44
330,Ust-Kulom,RU,2020-06-26 00:22:32,61.69,53.69,41.54,97,88,6.6
331,Hay River,CA,2020-06-26 00:22:32,60.82,-115.8,68.0,49,75,4.7
332,Sorbhog,IN,2020-06-26 00:22:32,26.5,90.87,76.98,98,100,4.16
333,Pavlodar,KZ,2020-06-26 00:22:32,52.3,76.95,66.2,59,90,6.71
334,Kampot,KH,2020-06-26 00:22:32,10.62,104.18,80.6,88,40,3.36
335,Povenets,RU,2020-06-26 00:22:32,62.85,34.83,58.14,92,98,6.04
336,Huarmey,PE,2020-06-26 00:22:32,-10.07,-78.15,62.33,84,57,8.32
337,Tuktoyaktuk,CA,2020-06-26 00:21:31,69.45,-133.04,51.8,53,75,13.87
338,Kalabo,ZM,2020-06-26 00:22:32,-14.97,22.68,53.78,56,0,5.91
339,Svetlaya,RU,2020-06-26 00:22:32,46.54,138.33,55.47,94,100,7.72
340,Namibe,AO,2020-06-26 00:21:35,-15.2,12.15,65.39,67,0,3.44
341,Kerema,PG,2020-06-26 00:22:32,-7.96,145.78,82.09,76,49,4.21
342,Nishihara,JP,2020-06-26 00:22:32,26.18,127.76,78.8,94,90,8.05
343,Sinnamary,GF,2020-06-26 00:21:33,5.38,-52.95,79.34,86,100,8.93
344,Buin,CL,2020-06-26 00:21:46,-33.73,-70.75,46.4,70,75,2.24
345,Turbo,CO,2020-06-26 00:22:32,8.09,-76.73,80.6,88,75,5.39
346,Naze,JP,2020-06-26 00:22:32,28.37,129.48,84.2,88,75,11.41
347,Coquimbo,CL,2020-06-26 00:21:43,-29.95,-71.34,53.6,87,100,5.82
348,Palmares Do Sul,BR,2020-06-26 00:22:33,-30.26,-50.51,56.12,77,93,16.82
349,Semnan,IR,2020-06-26 00:22:33,35.57,53.4,75.72,33,0,10.42
350,Keuruu,FI,2020-06-26 00:22:33,62.27,24.7,66.2,77,0,3.36
351,Gaeta,IT,2020-06-26 00:22:33,41.22,13.56,69.01,91,0,1.97
352,Bintulu,MY,2020-06-26 00:22:33,3.17,113.03,77.0,94,20,2.24
353,Norman Wells,CA,2020-06-26 00:21:34,65.28,-126.83,62.6,59,75,5.82
354,Shelburne,CA,2020-06-26 00:22:33,44.08,-80.2,73.4,40,1,4.7
355,Naryan-Mar,RU,2020-06-26 00:22:33,67.67,53.09,40.78,85,100,11.01
356,Homer,US,2020-06-26 00:22:33,59.64,-151.55,59.0,51,90,5.82
357,Sobolevo,RU,2020-06-26 00:22:02,54.43,31.9,63.1,83,40,5.32
358,Catia La Mar,VE,2020-06-26 00:22:33,10.6,-67.03,80.6,83,75,6.93
359,Seoul,KR,2020-06-26 00:18:38,37.57,126.98,69.8,94,90,9.17
360,Gillette,US,2020-06-26 00:18:02,44.29,-105.5,71.29,54,82,11.72
361,Dakar,SN,2020-06-26 00:22:33,14.69,-17.44,78.8,78,20,6.93
362,Nouadhibou,MR,2020-06-26 00:21:30,20.93,-17.03,69.8,77,0,20.8
363,Mirabad,AF,2020-06-26 00:22:33,30.44,61.84,82.87,15,0,15.97
364,Yerbogachen,RU,2020-06-26 00:21:49,61.28,108.01,69.44,58,59,3.94
365,Makaha,US,2020-06-26 00:22:34,21.47,-158.22,89.6,54,75,10.29
366,Vila Velha,BR,2020-06-26 00:21:41,-20.33,-40.29,73.4,78,69,10.29
367,Meulaboh,ID,2020-06-26 00:21:40,4.14,96.13,75.92,86,100,4.41
368,Bam,IR,2020-06-26 00:22:34,29.11,58.36,81.79,14,0,6.6
369,Broome,US,2020-06-26 00:22:34,42.25,-75.83,66.99,77,1,3.36
370,La Ronge,CA,2020-06-26 00:22:34,55.1,-105.28,73.4,46,75,8.05
371,Xacmaz,AZ,2020-06-26 00:22:34,41.46,48.81,76.51,51,61,12.48
372,Ola,RU,2020-06-26 00:22:34,59.58,151.28,50.27,82,83,10.18
373,Muyezerskiy,RU,2020-06-26 00:22:34,63.93,31.65,60.24,90,100,7.2
374,Carballo,ES,2020-06-26 00:22:34,43.21,-8.69,59.0,3,86,1.01
375,Tual,ID,2020-06-26 00:22:34,-5.67,132.75,80.44,83,54,18.12
376,College,US,2020-06-26 00:21:47,64.86,-147.8,66.2,37,75,6.93
377,Port Augusta,AU,2020-06-26 00:22:34,-32.5,137.77,48.2,100,0,3.36
378,Sao Sebastiao,BR,2020-06-26 00:22:34,-23.76,-45.41,74.23,67,100,4.34
379,Papetoai,PF,2020-06-26 00:22:34,-17.5,-149.87,82.4,74,75,16.11
380,Todos Santos,MX,2020-06-26 00:22:35,23.45,-110.22,70.0,81,4,5.99
381,Ushtobe,KZ,2020-06-26 00:22:35,45.25,77.98,66.11,31,100,4.56
382,Almaznyy,RU,2020-06-26 00:22:35,48.04,40.05,62.6,42,0,13.42
383,Ler,SS,2020-06-26 00:22:35,8.3,30.14,73.71,86,77,1.92
384,Arica,CL,2020-06-26 00:22:35,-18.48,-70.3,62.6,77,90,9.17
385,Katsuura,JP,2020-06-26 00:21:38,35.13,140.3,79.0,88,75,17.22
386,Zhanakorgan,KZ,2020-06-26 00:22:35,43.91,67.25,66.56,25,83,3.89
387,Tura,IN,2020-06-26 00:19:07,25.52,90.22,74.19,99,100,7.31
388,Sortland,NO,2020-06-26 00:22:35,68.69,15.42,53.6,76,92,24.16
389,Huilong,CN,2020-06-26 00:22:35,31.81,121.66,78.01,95,0,8.7
390,Ahipara,NZ,2020-06-26 00:21:51,-35.17,173.17,62.94,81,100,12.33
391,Ust-Kan,RU,2020-06-26 00:21:05,50.93,84.76,56.43,76,44,2.82
392,Nantucket,US,2020-06-26 00:21:33,41.28,-70.1,71.01,93,20,8.05
393,Buala,SB,2020-06-26 00:21:52,-8.14,159.59,84.94,71,70,9.06
394,Ozu,JP,2020-06-26 00:22:35,33.5,132.55,84.0,88,75,5.82
395,San Carlos,VE,2020-06-26 00:22:35,9.66,-68.58,75.24,90,90,1.5
396,Udachnyy,RU,2020-06-26 00:22:35,66.42,112.4,69.8,49,40,4.47
397,Wawa,NG,2020-06-26 00:22:35,9.9,4.42,80.29,74,79,10.45
398,Paamiut,GL,2020-06-26 00:21:59,61.99,-49.67,39.36,92,47,14.54
399,Talnakh,RU,2020-06-26 00:22:03,69.49,88.4,60.8,72,58,15.66
400,Gonbad-E Qabus,IR,2020-06-26 00:22:36,37.25,55.17,77.0,73,0,13.87
401,Oranjemund,NA,2020-06-26 00:21:59,-28.55,16.43,59.05,80,61,9.62
402,Pacific Grove,US,2020-06-26 00:21:39,36.62,-121.92,60.8,82,90,16.11
403,Fez,MA,2020-06-26 00:22:36,34.04,-5.0,66.2,82,0,6.93
404,Linxia,CN,2020-06-26 00:22:36,35.6,103.21,57.2,70,100,5.37
405,North Bend,US,2020-06-26 00:20:51,43.41,-124.22,75.99,87,90,28.86
406,Itarema,BR,2020-06-26 00:22:09,-2.92,-39.92,77.43,76,70,8.86
407,Ivanjica,RS,2020-06-26 00:22:36,43.58,20.23,64.4,93,32,1.12
408,Kyela,TZ,2020-06-26 00:22:36,-9.58,33.85,68.83,83,84,1.16
409,Lima,PE,2020-06-26 00:19:54,-12.04,-77.03,62.6,77,90,4.7
410,Tuatapere,NZ,2020-06-26 00:21:55,-46.13,167.68,39.0,83,8,3.0
411,Port Lincoln,AU,2020-06-26 00:21:58,-34.73,135.87,53.96,80,18,5.39
412,Nome,US,2020-06-26 00:21:58,64.5,-165.41,50.0,57,75,27.51
413,Sabla,NG,2020-06-26 00:22:36,12.75,4.71,89.92,42,40,14.65
414,Ilam,NP,2020-06-26 00:22:36,26.92,87.92,66.29,94,100,1.14
415,Bambous Virieux,MU,2020-06-26 00:21:43,-20.34,57.76,72.0,73,75,12.75
416,Torbay,CA,2020-06-26 00:21:31,47.67,-52.73,70.0,100,90,17.22
417,Wilmington,US,2020-06-26 00:21:11,34.23,-77.94,79.0,74,20,9.17
418,Bois-Guillaume,FR,2020-06-26 00:22:36,49.46,1.12,72.0,82,70,4.7
419,Hambantota,LK,2020-06-26 00:21:38,6.12,81.12,81.39,75,85,14.56
420,Nemuro,JP,2020-06-26 00:21:47,43.32,145.57,53.6,100,75,5.82
421,Pakala,IN,2020-06-26 00:22:37,13.47,79.12,78.8,94,20,2.24
422,Husavik,IS,2020-06-26 00:21:46,66.04,-17.34,51.8,81,75,9.17
423,Cravo Norte,CO,2020-06-26 00:22:37,6.3,-70.2,76.82,88,77,6.2
424,Camacha,PT,2020-06-26 00:22:37,33.08,-16.33,68.0,68,20,13.87
425,Pervomayskiy,RU,2020-06-26 00:22:37,53.25,40.29,59.29,97,64,9.98
426,Manuk Mangkaw,PH,2020-06-26 00:22:37,4.8,119.85,82.56,74,99,7.61
427,Lazaro Cardenas,MX,2020-06-26 00:22:37,17.96,-102.2,76.28,89,100,9.6
428,Sistranda,NO,2020-06-26 00:22:37,63.73,8.83,57.2,71,37,2.24
429,Olinda,BR,2020-06-26 00:22:37,-8.01,-34.86,80.6,74,40,9.17
430,Sambava,MG,2020-06-26 00:22:37,-14.27,50.17,69.82,85,36,12.15
431,Mpongwe,ZM,2020-06-26 00:22:37,-13.51,28.16,55.8,87,41,6.69
432,Grand Gaube,MU,2020-06-26 00:22:03,-20.01,57.66,72.0,73,4,7.0
433,Mega,ET,2020-06-26 00:22:37,4.05,38.3,56.59,100,8,8.81
434,Kungurtug,RU,2020-06-26 00:22:38,50.6,97.52,60.58,59,95,0.81
435,Benghazi,LY,2020-06-26 00:21:34,32.12,20.07,72.39,84,0,11.25
436,At-Bashi,KG,2020-06-26 00:22:38,41.17,75.81,53.08,42,47,1.61
437,Bismarck,US,2020-06-26 00:18:05,46.81,-100.78,86.0,37,20,13.87
438,Ulagan,RU,2020-06-26 00:22:38,50.63,87.96,54.3,72,45,1.23
439,Hithadhoo,MV,2020-06-26 00:21:36,-0.6,73.08,84.0,75,58,11.03
440,Cayenne,GF,2020-06-26 00:21:39,4.93,-52.33,77.0,100,75,2.24
441,Lavrentiya,RU,2020-06-26 00:21:38,65.58,-171.0,44.76,59,79,16.58
442,Olafsvik,IS,2020-06-26 00:21:33,64.89,-23.71,48.47,79,93,1.7
443,Ust-Koksa,RU,2020-06-26 00:22:38,50.27,85.61,55.72,71,11,0.96
444,Almeirim,BR,2020-06-26 00:22:38,-1.52,-52.58,76.01,91,1,1.59
445,Lubben,DE,2020-06-26 00:22:38,51.95,13.9,66.0,82,27,1.01
446,Antofagasta,CL,2020-06-26 00:17:43,-23.65,-70.4,57.2,82,90,8.05
447,Nadym,RU,2020-06-26 00:22:38,65.53,72.52,53.83,91,100,18.7
448,Barranca,PE,2020-06-26 00:22:38,-10.75,-77.77,59.9,91,18,6.82
449,Gushikawa,JP,2020-06-26 00:22:01,26.35,127.87,78.8,100,75,9.17
450,Diego De Almagro,CL,2020-06-26 00:22:38,-26.37,-70.05,51.04,61,100,0.69
451,Huron,US,2020-06-26 00:22:39,41.15,-82.55,75.99,64,40,7.7
452,Quelimane,MZ,2020-06-26 00:22:39,-17.88,36.89,62.65,96,2,4.99
453,Mehamn,NO,2020-06-26 00:22:39,71.04,27.85,49.33,80,22,24.72
454,Kudeyevskiy,RU,2020-06-26 00:22:39,54.88,56.76,41.0,86,0,6.71
455,Along,IN,2020-06-26 00:22:39,28.17,94.77,73.2,91,100,1.07
456,Kirakira,SB,2020-06-26 00:21:39,-10.45,161.92,85.53,68,25,9.84
457,Campbell River,CA,2020-06-26 00:22:34,50.02,-125.24,75.2,47,75,4.7
458,Shingu,JP,2020-06-26 00:22:39,33.73,135.98,77.0,100,75,6.93
459,Guerrero Negro,MX,2020-06-26 00:21:32,27.98,-114.06,71.44,60,3,17.56
460,Pimentel,PE,2020-06-26 00:22:39,-6.84,-79.93,66.2,72,23,14.99
461,Guapore,BR,2020-06-26 00:22:39,-28.85,-51.89,53.01,90,99,5.1
462,Guliston,UZ,2020-06-26 00:22:39,40.49,68.78,70.34,23,1,7.23
463,Stromness,GB,2020-06-26 00:22:39,58.97,-3.3,55.4,93,93,14.99
464,Zhangye,CN,2020-06-26 00:22:39,38.93,100.45,75.74,23,85,6.22
465,Hokitika,NZ,2020-06-26 00:22:39,-42.72,170.97,56.62,58,100,4.72
466,Ormara,PK,2020-06-26 00:22:39,25.21,64.64,84.79,81,73,8.46
467,Eyl,SO,2020-06-26 00:22:39,7.98,49.82,82.17,65,95,22.26
468,Port Keats,AU,2020-06-26 00:21:53,-14.25,129.55,71.28,29,26,9.57
469,Nicoya,CR,2020-06-26 00:22:40,10.15,-85.45,86.0,66,33,5.82
470,Lerik,AZ,2020-06-26 00:22:40,38.77,48.41,75.2,57,0,4.7
471,Maniitsoq,GL,2020-06-26 00:22:02,65.42,-52.9,41.83,83,0,11.83
472,Roebourne,AU,2020-06-26 00:22:40,-20.78,117.13,67.21,32,0,11.18
473,Korla,CN,2020-06-26 00:22:40,41.76,86.15,67.06,52,95,7.85
474,Port Macquarie,AU,2020-06-26 00:22:40,-31.43,152.92,57.99,67,0,1.01
475,Nelson Bay,AU,2020-06-26 00:18:40,-32.72,152.15,57.99,62,20,11.41
476,Mahon,ES,2020-06-26 00:22:40,39.89,4.27,71.6,88,0,9.17
477,Pemba,MZ,2020-06-26 00:22:40,-12.97,40.52,71.6,88,20,16.11
478,Manavalakurichi,IN,2020-06-26 00:22:40,8.13,77.3,77.0,88,75,8.05
479,Paso De Carrasco,UY,2020-06-26 00:19:37,-34.86,-56.05,50.0,66,20,11.41
480,Hualmay,PE,2020-06-26 00:21:43,-11.1,-77.61,61.83,85,21,8.57
481,Skelleftea,SE,2020-06-26 00:22:40,64.75,20.95,66.0,82,79,3.36
482,Posse,BR,2020-06-26 00:22:40,-14.09,-46.37,67.78,40,0,4.68
483,Savelugu,GH,2020-06-26 00:22:40,9.62,-0.83,81.68,71,97,9.26
484,Baie-Comeau,CA,2020-06-26 00:22:40,49.22,-68.15,62.6,72,90,14.99
485,Parati,BR,2020-06-26 00:22:40,-23.22,-44.71,74.21,63,100,5.44
486,Malinovoye Ozero,RU,2020-06-26 00:22:40,51.68,79.78,68.09,66,40,4.83
487,Zheshart,RU,2020-06-26 00:22:41,62.07,49.57,42.04,96,87,4.7
488,Moranbah,AU,2020-06-26 00:20:43,-22.0,148.05,58.66,49,0,17.22
489,Dekar,BW,2020-06-26 00:22:41,-21.53,21.93,47.03,63,0,3.74
490,Taoudenni,ML,2020-06-26 00:21:46,22.68,-3.98,97.38,9,0,8.95
491,Andenes,NO,2020-06-26 00:22:41,69.31,16.12,53.6,76,100,26.4
492,Gryazovets,RU,2020-06-26 00:22:41,58.88,40.25,48.02,83,0,3.85
493,Oyem,GA,2020-06-26 00:22:41,1.6,11.58,67.8,99,75,2.68
494,Koslan,RU,2020-06-26 00:22:41,63.46,48.9,40.66,94,64,4.88
495,Kikwit,CD,2020-06-26 00:22:41,-5.04,18.82,80.11,42,99,1.52
496,San Policarpo,PH,2020-06-26 00:21:43,12.18,125.51,83.46,81,100,6.02
497,Ternate,ID,2020-06-26 00:22:41,0.8,127.4,79.86,83,100,5.41
498,Weligama,LK,2020-06-26 00:22:41,5.97,80.42,79.07,83,93,8.25
499,Arman,RU,2020-06-26 00:22:03,59.7,150.17,55.6,66,0,6.49
500,Whitehorse,CA,2020-06-26 00:22:24,60.72,-135.05,57.2,33,75,14.99
501,Salinopolis,BR,2020-06-26 00:22:42,-0.61,-47.36,79.12,86,25,9.8
502,Wanning,CN,2020-06-26 00:22:03,18.8,110.4,84.88,81,100,13.49
503,Nagar Karnul,IN,2020-06-26 00:22:42,16.48,78.32,78.44,76,72,5.32
504,Sao Miguel Do Araguaia,BR,2020-06-26 00:22:42,-13.28,-50.16,73.85,50,0,0.74
505,General Pico,AR,2020-06-26 00:22:42,-35.66,-63.76,45.14,54,20,5.01
506,Pitogo,PH,2020-06-26 00:22:42,13.78,122.09,84.4,72,100,3.04
507,Sangar,RU,2020-06-26 00:22:42,63.92,127.47,75.67,39,29,2.62
508,Kushmurun,KZ,2020-06-26 00:22:42,52.45,64.63,47.62,77,74,9.57
509,Tautira,PF,2020-06-26 00:22:42,-17.73,-149.15,82.4,74,75,16.11
510,Maceio,BR,2020-06-26 00:17:35,-9.67,-35.74,71.6,94,20,1.12
511,Kalmunai,LK,2020-06-26 00:22:42,7.42,81.82,79.61,77,98,3.85
512,Alpena,US,2020-06-26 00:22:42,45.06,-83.43,75.2,33,1,10.29
513,Kushima,JP,2020-06-26 00:22:42,31.46,131.23,84.2,79,75,3.36
514,Hobyo,SO,2020-06-26 00:21:55,5.35,48.53,79.47,75,88,23.87
515,Tamandare,BR,2020-06-26 00:22:42,-8.76,-35.1,75.74,86,49,10.71
516,Elizabeth City,US,2020-06-26 00:22:42,36.29,-76.25,75.99,88,1,11.41
517,Arlit,NE,2020-06-26 00:22:42,18.74,7.39,94.62,10,59,8.99
518,Presidencia Roque Saenz Pena,AR,2020-06-26 00:21:46,-26.79,-60.44,52.0,57,34,1.99
519,Bonavista,CA,2020-06-26 00:22:43,48.65,-53.11,61.54,86,9,9.84
520,Bolshaya Dzhalga,RU,2020-06-26 00:22:43,45.97,42.7,61.77,50,12,7.52
521,Dongsheng,CN,2020-06-26 00:22:43,39.82,109.98,70.66,25,78,4.76
522,Lakatoro,VU,2020-06-26 00:22:43,-16.1,167.42,80.6,88,75,4.7
523,Jacareacanga,BR,2020-06-26 00:22:43,-6.22,-57.75,80.01,67,75,1.5
524,Staritsa,RU,2020-06-26 00:22:43,56.51,34.94,59.05,94,1,4.54
525,Kogon,UZ,2020-06-26 00:22:43,39.72,64.55,73.4,31,0,6.15
526,Samarai,PG,2020-06-26 00:21:55,-10.62,150.67,79.02,81,92,20.47
527,Oranjestad,AW,2020-06-26 00:18:48,12.52,-70.03,84.2,74,20,23.04
528,Miri,MY,2020-06-26 00:20:02,4.41,114.01,77.0,88,20,10.29
529,Ondjiva,AO,2020-06-26 00:22:43,-17.07,15.73,53.35,41,0,6.91
530,Miracema Do Tocantins,BR,2020-06-26 00:22:43,-9.56,-48.4,75.61,48,12,1.86
531,Bandundu,CD,2020-06-26 00:22:43,-3.32,17.37,77.09,65,99,0.56
532,Kawhia,NZ,2020-06-26 00:22:43,-38.07,174.82,60.01,87,77,5.99
533,Ust-Ordynskiy,RU,2020-06-26 00:22:44,52.8,104.75,66.2,72,7,1.59
534,Bossier City,US,2020-06-26 00:22:44,32.52,-93.73,80.6,78,75,9.17
535,Kutum,SD,2020-06-26 00:22:44,14.2,24.67,70.39,57,96,7.52
536,Puerto Escondido,MX,2020-06-26 00:22:44,15.85,-97.07,84.2,70,75,10.29
537,Batagay-Alyta,RU,2020-06-26 00:22:05,67.8,130.41,76.91,37,81,7.87
538,Tiarei,PF,2020-06-26 00:22:44,-17.53,-149.33,82.4,74,75,16.11
539,Usinsk,RU,2020-06-26 00:22:10,65.99,57.53,42.1,91,100,11.7
540,Saint-Augustin,CA,2020-06-26 00:21:44,51.23,-58.65,59.05,93,100,10.22
541,Port-De-Bouc,FR,2020-06-26 00:22:44,43.4,4.98,68.0,68,26,3.36
542,Bayir,TR,2020-06-26 00:22:44,37.27,28.22,69.8,77,0,3.36
543,Mindelo,CV,2020-06-26 00:22:44,16.89,-24.98,75.2,73,40,16.11
544,Nagato,JP,2020-06-26 00:22:44,34.38,131.2,75.2,94,75,5.82
545,Thinadhoo,MV,2020-06-26 00:21:47,0.53,72.93,83.59,77,64,11.07
546,Halifax,CA,2020-06-26 00:21:38,44.65,-63.57,73.0,88,94,10.0
547,Nongstoin,IN,2020-06-26 00:22:44,25.52,91.27,66.38,100,100,10.29
548,Evensk,RU,2020-06-26 00:22:44,61.95,159.23,48.78,84,89,13.67
549,Berlevag,NO,2020-06-26 00:21:41,70.86,29.09,49.78,77,1,21.14
550,Redmond,US,2020-06-26 00:19:46,47.67,-122.12,81.0,58,72,8.1
551,Barpathar,IN,2020-06-26 00:22:45,26.3,93.87,76.1,93,100,4.5
552,Chulman,RU,2020-06-26 00:22:45,56.85,124.91,65.23,57,91,8.25
553,Tilichiki,RU,2020-06-26 00:22:45,60.47,166.1,57.18,67,81,11.03
554,Smolenka,RU,2020-06-26 00:22:45,52.14,113.5,62.6,77,33,4.47
555,Okhotsk,RU,2020-06-26 00:22:45,59.38,143.3,48.36,83,100,5.32
556,Vila Franca Do Campo,PT,2020-06-26 00:21:44,37.72,-25.43,64.4,93,40,14.99
557,Gazimurskiy Zavod,RU,2020-06-26 00:22:45,51.55,118.33,65.44,56,84,2.17
558,Northam,GB,2020-06-26 00:22:45,51.03,-4.22,64.0,82,84,1.01
559,Port Hedland,AU,2020-06-26 00:21:54,-20.32,118.57,66.2,29,0,8.05
560,Burnie,AU,2020-06-26 00:22:00,-41.07,145.92,50.0,59,0,8.99
561,Abu Samrah,SY,2020-06-26 00:22:45,35.3,37.18,68.67,60,0,10.0
562,Lokosovo,RU,2020-06-26 00:21:06,61.13,74.82,49.87,91,83,11.9
563,Strezhevoy,RU,2020-06-26 00:22:45,60.73,77.59,53.6,87,88,8.95
564,Estelle,US,2020-06-26 00:22:45,29.85,-90.11,79.0,78,90,3.85
565,Buraydah,SA,2020-06-26 00:21:39,26.33,43.98,82.4,20,0,2.24
566,Gumdag,TM,2020-06-26 00:22:45,39.21,54.59,80.02,39,0,4.7
567,Bathsheba,BB,2020-06-26 00:21:42,13.22,-59.52,82.4,78,40,18.34
568,Sabha,LY,2020-06-26 00:22:45,27.04,14.43,81.3,23,0,17.11
569,Tutoia,BR,2020-06-26 00:22:45,-2.76,-42.27,78.22,84,20,6.31
570,Teguldet,RU,2020-06-26 00:21:06,57.31,88.17,63.73,79,11,3.53
571,West Des Moines,US,2020-06-26 00:19:54,41.57,-93.75,84.2,51,75,11.41
572,Santiago,CL,2020-06-26 00:22:46,-33.46,-70.65,46.4,70,75,2.24
573,Dinanagar,IN,2020-06-26 00:22:46,32.15,75.47,85.84,47,0,5.55
574,Saint-Joseph,RE,2020-06-26 00:22:01,-21.37,55.62,71.6,78,19,26.4
575,Aksarka,RU,2020-06-26 00:22:46,66.56,67.8,46.31,85,100,21.83
576,Lasa,IT,2020-06-26 00:21:45,46.62,10.7,60.01,100,75,3.36
577,Isangel,VU,2020-06-26 00:21:31,-19.55,169.27,74.35,81,81,15.59
578,Abu Zabad,SD,2020-06-26 00:22:46,12.35,29.25,83.26,42,100,6.38
579,Amuntai,ID,2020-06-26 00:22:46,-2.42,115.25,75.56,93,99,1.9
580,San Joaquin,VE,2020-06-26 00:22:46,10.26,-67.79,72.88,89,79,5.75
581,Santa Rosa,PH,2020-06-26 00:21:50,14.31,121.11,87.8,70,75,5.82
582,Vila,PT,2020-06-26 00:22:46,42.03,-8.16,61.0,93,75,2.24
583,Chara,RU,2020-06-26 00:22:46,56.91,118.26,64.24,54,98,1.86
584,Zhigansk,RU,2020-06-26 00:22:08,66.77,123.37,73.22,48,0,0.4
585,Borogontsy,RU,2020-06-26 00:22:46,62.67,131.17,80.2,36,61,1.95
586,Bako,ET,2020-06-26 00:22:46,5.78,36.57,61.9,85,3,4.76
587,Vestmannaeyjar,IS,2020-06-26 00:22:46,63.44,-20.27,51.42,82,89,10.38
588,Krasnoselkup,RU,2020-06-26 00:22:46,65.7,82.47,63.05,53,26,12.64
589,Half Moon Bay,US,2020-06-26 00:20:11,37.46,-122.43,75.99,60,20,18.34
590,Anzio,IT,2020-06-26 00:20:00,41.49,12.62,71.01,99,0,1.28
591,Coahuayana,MX,2020-06-26 00:22:47,18.73,-103.68,82.92,67,100,4.61
592,Tigil,RU,2020-06-26 00:21:52,57.8,158.67,62.46,58,69,14.23
593,Jacqueville,CI,2020-06-26 00:22:47,5.21,-4.41,78.8,94,75,5.82
594,Kara-Tyube,RU,2020-06-26 00:22:47,44.63,45.44,70.02,31,53,12.59
595,Kaoma,ZM,2020-06-26 00:22:47,-14.78,24.8,54.05,80,9,6.85
596,Mastic Beach,US,2020-06-26 00:20:33,40.77,-72.85,75.99,69,75,9.17
597,Walvis Bay,NA,2020-06-26 00:22:47,-22.96,14.51,55.99,93,0,2.24
598,Barra,BR,2020-06-26 00:22:47,-11.09,-43.14,75.43,67,11,10.92
