,City,Lat,Lng,Max Temp,Humidity,Cloudiness,Wind Speed,Country,Date,Description,Rain last hr,Snow last hr
0,Cruz Alta,-28.64,-53.61,43.41,89,0,12.28,BR,2020-06-28 01:49:27,clear sky,0.0,0.0
1,Hobart,-42.88,147.33,48.2,70,0,8.05,AU,2020-06-28 01:49:28,clear sky,0.0,0.0
2,Tuatapere,-46.13,167.68,48.56,93,100,5.06,NZ,2020-06-28 01:49:28,light rain,0.58,0.0
3,Lebu,-37.62,-73.65,50.92,91,100,19.13,CL,2020-06-28 01:49:28,moderate rain,2.07,0.0
4,Tasiilaq,65.61,-37.64,39.2,93,100,4.7,GL,2020-06-28 01:49:28,light rain,0.0,0.0
5,Mehamn,71.04,27.85,43.79,84,100,14.14,NO,2020-06-28 01:49:28,overcast clouds,0.0,0.0
6,Havre,49.58,0.33,59.0,82,100,20.8,FR,2020-06-28 01:49:28,overcast clouds,0.0,0.0
7,Hermanus,-34.42,19.23,59.0,72,46,8.01,ZA,2020-06-28 01:49:28,light rain,0.17,0.0
8,Ixtapa,20.7,-105.2,86.0,70,75,6.93,MX,2020-06-28 01:49:28,broken clouds,0.0,0.0
9,Ribeira Grande,38.52,-28.7,66.94,94,95,7.11,PT,2020-06-28 01:49:28,overcast clouds,0.0,0.0
10,Leningradskiy,69.38,178.42,32.23,98,100,8.84,RU,2020-06-28 01:49:28,snow,0.0,0.68
11,Tanhacu,-14.02,-41.25,68.86,87,10,5.48,BR,2020-06-28 01:49:28,clear sky,0.0,0.0
12,Coquimbo,-29.95,-71.34,55.4,82,100,6.93,CL,2020-06-28 01:49:28,overcast clouds,0.0,0.0
13,Ushuaia,-54.8,-68.3,35.6,59,20,18.34,AR,2020-06-28 01:49:28,few clouds,0.0,0.0
14,Arlit,18.74,7.39,90.48,14,0,11.18,NE,2020-06-28 01:49:28,clear sky,0.0,0.0
15,Jamestown,42.1,-79.24,69.8,83,20,9.17,US,2020-06-28 01:47:12,few clouds,0.0,0.0
16,Port Shepstone,-30.74,30.45,63.32,51,0,8.68,ZA,2020-06-28 01:49:28,clear sky,0.0,0.0
17,San Cristobal,7.77,-72.22,65.91,87,20,2.26,VE,2020-06-28 01:47:00,few clouds,0.0,0.0
18,Port Elizabeth,-33.92,25.57,57.2,71,75,26.4,ZA,2020-06-28 01:49:28,broken clouds,0.0,0.0
19,Geraldton,-28.77,114.6,69.8,73,75,14.99,AU,2020-06-28 01:44:31,broken clouds,0.0,0.0
20,Bluff,-46.6,168.33,49.48,94,100,9.82,NZ,2020-06-28 01:49:28,light rain,0.11,0.0
21,Upernavik,72.79,-56.15,38.46,85,16,9.24,GL,2020-06-28 01:49:28,few clouds,0.0,0.0
22,Souillac,-20.52,57.52,71.6,83,40,11.41,MU,2020-06-28 01:49:29,scattered clouds,0.0,0.0
23,Nikolskoye,59.7,30.79,66.2,77,40,4.47,RU,2020-06-28 01:49:29,scattered clouds,0.0,0.0
24,Kapaa,22.08,-159.32,84.2,66,20,14.99,US,2020-06-28 01:49:29,few clouds,0.0,0.0
25,Bredasdorp,-34.53,20.04,59.0,72,27,8.01,ZA,2020-06-28 01:49:29,scattered clouds,0.0,0.0
26,Khatanga,71.97,102.5,77.79,39,100,6.04,RU,2020-06-28 01:49:29,overcast clouds,0.0,0.0
27,Faanui,-16.48,-151.75,76.68,78,97,18.19,PF,2020-06-28 01:49:29,overcast clouds,0.0,0.0
28,Manavalakurichi,8.13,77.3,78.8,88,75,3.36,IN,2020-06-28 01:49:29,mist,0.0,0.0
29,Hervey Bay,-25.3,152.85,69.8,60,12,10.29,AU,2020-06-28 01:46:39,light rain,0.3,0.0
30,Nanortalik,60.14,-45.24,42.46,88,86,0.94,GL,2020-06-28 01:49:29,overcast clouds,0.0,0.0
31,Buala,-8.14,159.59,83.61,72,97,7.56,SB,2020-06-28 01:49:29,overcast clouds,0.0,0.0
32,Albany,42.6,-73.97,66.99,89,100,1.54,US,2020-06-28 01:45:02,overcast clouds,0.0,0.0
33,Avarua,-21.21,-159.78,75.2,64,0,16.11,CK,2020-06-28 01:49:29,clear sky,0.0,0.0
34,Lazaro Cardenas,17.96,-102.2,81.61,79,100,3.49,MX,2020-06-28 01:49:29,overcast clouds,0.0,0.0
35,Liepaja,56.54,21.04,59.0,100,4,5.35,LV,2020-06-28 01:49:29,fog,0.0,0.0
36,Sosua,19.77,-70.52,82.99,89,100,9.8,DO,2020-06-28 01:49:29,overcast clouds,0.0,0.0
37,Rikitea,-23.12,-134.97,70.05,73,9,19.86,PF,2020-06-28 01:49:29,clear sky,0.0,0.0
38,Busselton,-33.65,115.33,62.01,61,81,17.63,AU,2020-06-28 01:49:29,broken clouds,0.0,0.0
39,La Ronge,55.1,-105.28,62.6,88,90,3.36,CA,2020-06-28 01:49:29,overcast clouds,0.0,0.0
40,Pevek,69.7,170.31,32.45,98,95,19.69,RU,2020-06-28 01:49:29,overcast clouds,0.0,0.0
41,Kodiak,57.79,-152.41,55.4,66,90,3.36,US,2020-06-28 01:49:29,overcast clouds,0.0,0.0
42,Dongying,37.46,118.49,89.78,32,76,11.79,CN,2020-06-28 01:47:55,broken clouds,0.0,0.0
43,Barrow,71.29,-156.79,62.6,42,1,16.11,US,2020-06-28 01:45:33,clear sky,0.0,0.0
44,Gravdal,68.12,13.5,54.63,69,100,13.85,NO,2020-06-28 01:49:30,overcast clouds,0.0,0.0
45,Ojinaga,29.57,-104.42,89.6,31,1,11.41,MX,2020-06-28 01:49:30,clear sky,0.0,0.0
46,Dikson,73.51,80.55,45.23,87,5,12.93,RU,2020-06-28 01:49:30,clear sky,0.0,0.0
47,Xianshuigu,38.98,117.38,84.2,58,99,4.47,CN,2020-06-28 01:49:30,overcast clouds,0.0,0.0
48,Buritis,-15.62,-46.42,67.14,58,0,1.61,BR,2020-06-28 01:49:30,clear sky,0.0,0.0
49,Chabahar,25.29,60.64,87.8,79,40,6.93,IR,2020-06-28 01:49:30,haze,0.0,0.0
50,Wamba,8.93,8.6,71.65,90,24,1.66,NG,2020-06-28 01:49:30,light rain,0.18,0.0
51,San Vicente,-26.62,-54.13,44.89,100,30,3.62,AR,2020-06-28 01:49:30,scattered clouds,0.0,0.0
52,Mahibadhoo,3.78,72.97,83.21,77,33,10.2,MV,2020-06-28 01:49:30,scattered clouds,0.0,0.0
53,New Glasgow,45.58,-62.65,68.0,86,100,7.38,CA,2020-06-28 01:49:30,overcast clouds,0.0,0.0
54,Mizdah,31.45,12.98,76.24,41,0,4.45,LY,2020-06-28 01:49:30,clear sky,0.0,0.0
55,Vila,42.03,-8.16,59.0,94,63,0.81,PT,2020-06-28 01:49:30,broken clouds,0.0,0.0
56,Betsiamites,48.94,-68.65,62.6,87,90,6.93,CA,2020-06-28 01:49:30,overcast clouds,0.0,0.0
57,Mount Gambier,-37.83,140.77,51.8,71,0,8.05,AU,2020-06-28 01:49:30,clear sky,0.0,0.0
58,Pemangkat,1.17,108.97,77.77,81,99,5.88,ID,2020-06-28 01:49:30,overcast clouds,0.0,0.0
59,Nome,64.5,-165.41,44.6,93,90,23.04,US,2020-06-28 01:49:30,light rain,0.76,0.0
60,Arraial Do Cabo,-22.97,-42.03,69.96,85,85,18.21,BR,2020-06-28 01:49:31,overcast clouds,0.0,0.0
61,Pryluky,50.59,32.39,62.98,81,81,4.72,UA,2020-06-28 01:49:31,broken clouds,0.0,0.0
62,San Andres,12.58,-81.7,73.4,94,75,6.93,CO,2020-06-28 01:49:31,thunderstorm with light rain,0.0,0.0
63,Novyy Urengoy,66.08,76.63,48.87,95,100,10.25,RU,2020-06-28 01:49:31,moderate rain,3.95,0.0
64,Alto Araguaia,-17.31,-53.22,64.36,91,0,4.83,BR,2020-06-28 01:49:31,clear sky,0.0,0.0
65,Vaini,-21.2,-175.2,78.8,83,40,5.82,TO,2020-06-28 01:49:31,scattered clouds,0.0,0.0
66,Mataura,-46.19,168.86,44.1,94,100,2.3,NZ,2020-06-28 01:49:31,light rain,0.71,0.0
67,Inverness,57.48,-4.22,57.0,93,100,4.7,GB,2020-06-28 01:49:31,light rain,0.22,0.0
68,Borogontsy,62.67,131.17,88.32,29,23,1.86,RU,2020-06-28 01:49:31,few clouds,0.0,0.0
69,Rio Grande,-32.03,-52.1,43.0,97,0,6.89,BR,2020-06-28 01:44:37,clear sky,0.0,0.0
70,Nushki,29.55,66.02,85.1,13,16,4.18,PK,2020-06-28 01:49:31,few clouds,0.0,0.0
71,Baherden,38.44,57.43,73.29,19,0,6.44,TM,2020-06-28 01:49:31,clear sky,0.0,0.0
72,Alice Springs,-23.7,133.88,55.4,32,0,12.75,AU,2020-06-28 01:44:55,clear sky,0.0,0.0
73,Qaanaaq,77.48,-69.36,39.34,72,0,1.57,GL,2020-06-28 01:49:31,clear sky,0.0,0.0
74,Abreus,22.28,-80.57,84.2,79,62,5.82,CU,2020-06-28 01:49:31,broken clouds,0.0,0.0
75,Aleksandrov Gay,50.15,48.57,66.06,77,0,12.24,RU,2020-06-28 01:49:31,clear sky,0.0,0.0
76,Mahebourg,-20.41,57.7,71.6,83,40,11.41,MU,2020-06-28 01:49:31,scattered clouds,0.0,0.0
77,Punta Arenas,-53.15,-70.92,24.8,85,0,6.93,CL,2020-06-28 01:49:31,clear sky,0.0,0.0
78,Oranjemund,-28.55,16.43,56.52,74,51,1.21,NA,2020-06-28 01:49:31,broken clouds,0.0,0.0
79,Norman Wells,65.28,-126.83,64.4,45,75,14.99,CA,2020-06-28 01:45:06,broken clouds,0.0,0.0
80,Tuktoyaktuk,69.45,-133.04,41.0,86,90,14.99,CA,2020-06-28 01:49:32,light rain,0.0,0.0
81,Cayenne,4.93,-52.33,77.0,100,93,4.76,GF,2020-06-28 01:48:04,overcast clouds,0.0,0.0
82,Nicolas Bravo,18.45,-88.92,75.56,91,5,3.22,MX,2020-06-28 01:49:32,clear sky,0.0,0.0
83,Soimi,46.68,22.12,68.0,82,0,4.7,RO,2020-06-28 01:49:32,thunderstorm,0.0,0.0
84,Atambua,-9.11,124.89,81.9,55,9,2.64,ID,2020-06-28 01:49:32,clear sky,0.0,0.0
85,Luderitz,-26.65,15.16,55.4,66,0,13.87,NA,2020-06-28 01:49:32,clear sky,0.0,0.0
86,Swabi,34.12,72.47,89.17,32,12,6.4,PK,2020-06-28 01:49:32,light rain,0.6,0.0
87,Zhigansk,66.77,123.37,77.81,37,4,9.44,RU,2020-06-28 01:49:32,clear sky,0.0,0.0
88,Kokoda,-8.88,147.74,78.82,67,100,3.27,PG,2020-06-28 01:49:32,light rain,0.28,0.0
89,Shingu,33.73,135.98,73.4,94,75,11.41,JP,2020-06-28 01:49:32,light intensity shower rain,0.0,0.0
90,Komsomolskiy,40.43,71.72,68.0,24,76,6.93,UZ,2020-06-28 01:49:32,broken clouds,0.0,0.0
91,Azul,-36.78,-59.86,37.99,86,69,4.68,AR,2020-06-28 01:48:43,broken clouds,0.0,0.0
92,Lagunas,-5.23,-75.68,73.29,93,1,1.41,PE,2020-06-28 01:49:32,clear sky,0.0,0.0
93,Tura,25.52,90.22,77.95,93,45,5.35,IN,2020-06-28 01:49:07,light rain,0.49,0.0
94,Talnakh,69.49,88.4,73.4,60,45,17.9,RU,2020-06-28 01:46:47,scattered clouds,0.0,0.0
95,Tiksi,71.69,128.87,45.45,85,98,10.38,RU,2020-06-28 01:49:32,overcast clouds,0.0,0.0
96,Ponta Delgada,37.73,-25.67,68.0,88,75,3.36,PT,2020-06-28 01:49:32,broken clouds,0.0,0.0
97,Isangel,-19.55,169.27,77.0,69,40,9.17,VU,2020-06-28 01:49:33,scattered clouds,0.0,0.0
98,Lima,-12.04,-77.03,60.8,82,90,8.05,PE,2020-06-28 01:48:38,overcast clouds,0.0,0.0
99,East London,-33.02,27.91,63.7,53,100,20.62,ZA,2020-06-28 01:49:33,overcast clouds,0.0,0.0
100,New Norfolk,-42.78,147.06,46.0,92,0,7.0,AU,2020-06-28 01:49:33,clear sky,0.0,0.0
101,Constantine,36.37,6.61,72.45,59,0,0.76,DZ,2020-06-28 01:49:24,clear sky,0.0,0.0
102,Padang,-0.95,100.35,83.57,59,34,0.36,ID,2020-06-28 01:49:33,scattered clouds,0.0,0.0
103,Saint-Philippe,-21.36,55.77,68.0,77,20,4.7,RE,2020-06-28 01:49:33,few clouds,0.0,0.0
104,Cape Town,-33.93,18.42,57.99,76,75,5.82,ZA,2020-06-28 01:46:03,broken clouds,0.0,0.0
105,Port Alfred,-33.59,26.89,62.01,54,92,32.12,ZA,2020-06-28 01:49:33,overcast clouds,0.0,0.0
106,Bonavista,48.65,-53.11,52.83,97,100,3.06,CA,2020-06-28 01:49:33,light rain,0.14,0.0
107,Barcelos,41.54,-8.62,64.0,100,75,3.36,PT,2020-06-28 01:49:33,broken clouds,0.0,0.0
108,Pastavy,55.12,26.83,61.52,95,82,4.05,BY,2020-06-28 01:49:33,light rain,0.91,0.0
109,Usinsk,65.99,57.53,41.59,91,100,13.31,RU,2020-06-28 01:49:33,light rain,0.19,0.0
110,Palembang,-2.92,104.75,80.65,84,0,6.82,ID,2020-06-28 01:49:33,clear sky,0.0,0.0
111,Tacoronte,28.48,-16.41,66.99,88,90,14.99,ES,2020-06-28 01:49:33,overcast clouds,0.0,0.0
112,Turukhansk,65.82,87.98,80.28,41,0,15.73,RU,2020-06-28 01:49:33,clear sky,0.0,0.0
113,Talcahuano,-36.72,-73.12,51.8,100,90,8.05,CL,2020-06-28 01:49:34,light rain,0.0,0.0
114,Mareeba,-17.0,145.43,78.8,61,75,10.29,AU,2020-06-28 01:49:34,broken clouds,0.0,0.0
115,Esso,55.93,158.7,70.27,27,24,8.41,RU,2020-06-28 01:45:33,few clouds,0.0,0.0
116,Mayo,38.89,-76.51,75.2,94,1,5.28,US,2020-06-28 01:45:30,clear sky,0.0,0.0
117,Brookhaven,31.58,-90.44,80.01,89,86,6.44,US,2020-06-28 01:49:34,overcast clouds,0.0,0.0
118,Alofi,-19.06,-169.92,78.8,74,100,12.75,NU,2020-06-28 01:49:34,overcast clouds,0.0,0.0
119,Kununurra,-15.77,128.73,80.6,20,90,16.11,AU,2020-06-28 01:45:17,overcast clouds,0.0,0.0
120,Otane,-39.88,176.63,60.01,62,9,4.0,NZ,2020-06-28 01:49:34,clear sky,0.0,0.0
121,Grand Gaube,-20.01,57.66,72.0,77,76,5.99,MU,2020-06-28 01:49:34,broken clouds,0.0,0.0
122,Ashington,50.93,-0.39,59.0,3,84,7.0,GB,2020-06-28 01:49:34,moderate rain,2.79,0.0
123,Carutapera,-1.2,-46.02,74.77,94,55,5.03,BR,2020-06-28 01:49:34,broken clouds,0.0,0.0
124,Georgetown,5.41,100.34,84.2,94,20,3.96,MY,2020-06-28 01:49:34,few clouds,0.0,0.0
125,Eenhana,-17.47,16.33,51.8,53,0,3.36,NA,2020-06-28 01:49:34,clear sky,0.0,0.0
126,Kattivakkam,13.22,80.32,86.0,74,40,6.93,IN,2020-06-28 01:49:34,scattered clouds,0.0,0.0
127,Bathsheba,13.22,-59.52,82.4,78,40,16.11,BB,2020-06-28 01:49:34,scattered clouds,0.0,0.0
128,Batagay-Alyta,67.8,130.41,79.34,34,3,5.82,RU,2020-06-28 01:45:48,clear sky,0.0,0.0
129,Serenje,-13.23,30.24,54.05,77,0,4.94,ZM,2020-06-28 01:49:34,clear sky,0.0,0.0
130,Manokwari,-0.87,134.08,83.37,66,79,3.13,ID,2020-06-28 01:49:34,broken clouds,0.0,0.0
131,Cherskiy,68.75,161.3,47.34,54,36,17.92,RU,2020-06-28 01:49:34,scattered clouds,0.0,0.0
132,Carbunari,44.83,21.74,77.0,44,0,19.46,RO,2020-06-28 01:49:34,clear sky,0.0,0.0
133,Cidreira,-30.18,-50.21,52.99,67,28,6.22,BR,2020-06-28 01:49:35,scattered clouds,0.0,0.0
134,Los Llanos De Aridane,28.66,-17.92,73.4,60,90,13.87,ES,2020-06-28 01:49:35,overcast clouds,0.0,0.0
135,Victoria,22.29,114.16,90.0,70,68,5.99,HK,2020-06-28 01:44:59,broken clouds,0.0,0.0
136,Puerto Ayora,-0.74,-90.35,71.01,91,27,3.0,EC,2020-06-28 01:49:35,scattered clouds,0.0,0.0
137,Bilma,18.69,12.92,84.42,15,3,6.4,NE,2020-06-28 01:49:35,clear sky,0.0,0.0
138,Finnsnes,69.23,17.98,44.6,87,20,10.29,NO,2020-06-28 01:49:35,few clouds,0.0,0.0
139,Katsuura,35.13,140.3,72.0,94,90,5.82,JP,2020-06-28 01:49:35,heavy intensity shower rain,0.0,0.0
140,Along,28.17,94.77,73.71,89,100,0.78,IN,2020-06-28 01:49:35,light rain,0.34,0.0
141,Guerrero Negro,27.98,-114.06,68.34,76,0,14.56,MX,2020-06-28 01:49:35,clear sky,0.0,0.0
142,Bethel,41.37,-73.41,71.6,83,1,3.36,US,2020-06-28 01:49:35,clear sky,0.0,0.0
143,Labuhan,-6.88,112.21,80.92,71,0,5.97,ID,2020-06-28 01:49:35,clear sky,0.0,0.0
144,San Patricio,19.22,-104.7,87.8,74,40,3.22,MX,2020-06-28 01:49:35,scattered clouds,0.0,0.0
145,Hamilton,39.18,-84.53,75.99,88,40,7.2,US,2020-06-28 01:48:44,scattered clouds,0.0,0.0
146,Ati,13.22,18.34,88.3,42,1,5.14,TD,2020-06-28 01:49:35,clear sky,0.0,0.0
147,Zhukovka,53.53,33.73,60.76,92,1,3.96,RU,2020-06-28 01:49:35,clear sky,0.0,0.0
148,Kaitangata,-46.28,169.85,50.0,91,100,5.01,NZ,2020-06-28 01:49:35,moderate rain,1.01,0.0
149,Clyde River,70.47,-68.59,32.0,71,90,6.93,CA,2020-06-28 01:49:35,fog,0.0,0.0
150,Walvis Bay,-22.96,14.51,51.01,75,0,4.7,NA,2020-06-28 01:49:35,clear sky,0.0,0.0
151,Chadiza,-14.07,32.44,58.41,72,8,1.97,ZM,2020-06-28 01:49:35,clear sky,0.0,0.0
152,Grand-Santi,4.25,-54.38,72.9,96,96,1.95,GF,2020-06-28 01:49:36,overcast clouds,0.0,0.0
153,Santiago Tuxtla,18.47,-95.3,75.2,89,5,6.15,MX,2020-06-28 01:49:36,clear sky,0.0,0.0
154,Lagoa,39.05,-27.98,66.29,97,100,12.86,PT,2020-06-28 01:49:36,overcast clouds,0.0,0.0
155,Chuy,-33.7,-53.46,44.26,83,0,4.29,UY,2020-06-28 01:49:36,clear sky,0.0,0.0
156,Cascais,38.7,-9.42,68.0,94,2,11.43,PT,2020-06-28 01:49:36,clear sky,0.0,0.0
157,Vostok,46.49,135.88,54.73,93,100,3.06,RU,2020-06-28 01:49:36,overcast clouds,0.0,0.0
158,Atuona,-9.8,-139.03,79.88,77,60,10.89,PF,2020-06-28 01:49:36,light rain,0.21,0.0
159,Tocopilla,-22.09,-70.2,59.52,68,41,5.23,CL,2020-06-28 01:49:36,scattered clouds,0.0,0.0
160,Vanimo,-2.67,141.3,85.1,68,100,5.46,PG,2020-06-28 01:49:36,light rain,0.34,0.0
161,Migori,-1.06,34.47,59.52,85,0,6.29,KE,2020-06-28 01:49:36,clear sky,0.0,0.0
162,Sterling,39.01,-77.43,79.0,88,90,5.82,US,2020-06-28 01:44:39,overcast clouds,0.0,0.0
163,Saint George,37.1,-113.58,102.2,7,1,13.87,US,2020-06-28 01:45:12,clear sky,0.0,0.0
164,Butaritari,3.07,172.79,82.71,76,35,13.82,KI,2020-06-28 01:49:36,scattered clouds,0.0,0.0
165,Hobyo,5.35,48.53,77.76,77,37,18.32,SO,2020-06-28 01:49:36,scattered clouds,0.0,0.0
166,Carnarvon,-24.87,113.63,68.0,100,40,10.29,AU,2020-06-28 01:49:36,scattered clouds,0.0,0.0
167,Provideniya,64.38,-173.3,40.93,66,15,18.03,RU,2020-06-28 01:49:36,few clouds,0.0,0.0
168,Sokoni,-6.43,39.55,75.2,88,75,5.82,TZ,2020-06-28 01:49:36,broken clouds,0.0,0.0
169,Strenci,57.63,25.69,62.01,86,40,1.01,LV,2020-06-28 01:49:36,scattered clouds,0.0,0.0
170,Nemuro,43.32,145.57,55.4,93,75,10.29,JP,2020-06-28 01:49:37,light intensity shower rain,0.0,0.0
171,Jardim,-21.48,-56.14,61.05,79,100,4.32,BR,2020-06-28 01:49:37,overcast clouds,0.0,0.0
172,Klaksvik,62.23,-6.59,57.2,93,100,16.11,FO,2020-06-28 01:49:37,light rain,0.0,0.0
173,Sawtell,-30.38,153.1,64.4,63,1,16.11,AU,2020-06-28 01:49:37,clear sky,0.0,0.0
174,Zalantun,48.0,122.72,77.2,49,53,1.41,CN,2020-06-28 01:49:37,broken clouds,0.0,0.0
175,Nabire,-3.37,135.48,86.11,63,100,2.53,ID,2020-06-28 01:49:37,overcast clouds,0.0,0.0
176,Tanout,14.97,8.89,88.5,13,0,8.1,NE,2020-06-28 01:49:37,clear sky,0.0,0.0
177,Koslan,63.46,48.9,47.66,86,94,7.29,RU,2020-06-28 01:49:37,light rain,0.19,0.0
178,Okhotsk,59.38,143.3,55.42,69,8,8.16,RU,2020-06-28 01:49:37,clear sky,0.0,0.0
179,Hilo,19.73,-155.09,82.4,61,40,9.17,US,2020-06-28 01:49:37,scattered clouds,0.0,0.0
180,Anchorage,61.22,-149.9,69.8,43,1,6.93,US,2020-06-28 01:45:59,clear sky,0.0,0.0
181,Nelson Bay,-32.72,152.15,60.01,72,75,6.93,AU,2020-06-28 01:49:37,broken clouds,0.0,0.0
182,Roma,43.21,-75.46,69.8,77,90,8.05,US,2020-06-28 01:46:08,overcast clouds,0.0,0.0
183,Pangai,-19.8,-174.35,77.63,78,50,13.0,TO,2020-06-28 01:49:37,scattered clouds,0.0,0.0
184,Northam,51.03,-4.22,55.0,91,20,15.01,GB,2020-06-28 01:49:37,few clouds,0.0,0.0
185,Miri,4.41,114.01,78.8,83,40,9.17,MY,2020-06-28 01:44:51,scattered clouds,0.0,0.0
186,Chumikan,54.72,135.31,48.42,83,98,8.72,RU,2020-06-28 01:49:37,overcast clouds,0.0,0.0
187,Dwarka,22.24,68.97,86.59,79,100,14.63,IN,2020-06-28 01:49:37,overcast clouds,0.0,0.0
188,Bambous Virieux,-20.34,57.76,72.0,83,40,11.41,MU,2020-06-28 01:49:38,scattered clouds,0.0,0.0
189,Ulaanbaatar,47.91,106.88,69.8,49,40,4.47,MN,2020-06-28 01:49:38,scattered clouds,0.0,0.0
190,Zhanaozen,43.3,52.8,67.96,33,92,6.98,KZ,2020-06-28 01:49:38,overcast clouds,0.0,0.0
191,Qaqortoq,60.72,-46.03,48.2,66,86,9.17,GL,2020-06-28 01:49:38,overcast clouds,0.0,0.0
192,Pershotravneve,51.39,28.87,62.42,87,100,5.97,UA,2020-06-28 01:49:38,overcast clouds,0.0,0.0
193,Chateauroux,46.82,1.7,60.8,72,40,14.99,FR,2020-06-28 01:49:38,scattered clouds,0.0,0.0
194,Coos Bay,43.37,-124.22,66.0,77,1,18.34,US,2020-06-28 01:49:38,clear sky,0.0,0.0
195,Castro,-24.79,-50.01,51.42,96,98,5.1,BR,2020-06-28 01:49:38,overcast clouds,0.0,0.0
196,Ponta Do Sol,32.67,-17.1,71.6,73,40,12.75,PT,2020-06-28 01:49:38,scattered clouds,0.0,0.0
197,Lorengau,-2.02,147.27,85.35,72,77,9.93,PG,2020-06-28 01:49:38,broken clouds,0.0,0.0
198,Dudinka,69.41,86.18,73.4,60,14,17.9,RU,2020-06-28 01:49:38,few clouds,0.0,0.0
199,Severo-Kurilsk,50.68,156.12,54.97,58,97,9.4,RU,2020-06-28 01:49:38,overcast clouds,0.0,0.0
200,Sergeyevka,53.88,67.42,51.57,77,59,10.56,KZ,2020-06-28 01:49:38,broken clouds,0.0,0.0
201,Tautira,-17.73,-149.15,82.4,61,20,14.99,PF,2020-06-28 01:49:38,few clouds,0.0,0.0
202,Los Reyes,19.35,-98.97,71.6,43,75,6.93,MX,2020-06-28 01:49:38,broken clouds,0.0,0.0
203,Chokurdakh,70.63,147.92,67.48,30,85,12.75,RU,2020-06-28 01:49:38,overcast clouds,0.0,0.0
204,Orlik,52.52,99.83,67.95,39,62,9.71,RU,2020-06-28 01:49:38,broken clouds,0.0,0.0
205,Shellbrook,53.22,-106.4,64.4,82,75,4.7,CA,2020-06-28 01:49:38,broken clouds,0.0,0.0
206,Ingraj Bazar,25.0,88.15,81.59,78,100,6.08,IN,2020-06-28 01:49:38,light rain,0.61,0.0
207,Novoorsk,51.38,58.98,59.0,87,75,15.66,RU,2020-06-28 01:49:39,broken clouds,0.0,0.0
208,Myitkyina,25.38,97.4,76.39,96,100,0.27,MM,2020-06-28 01:49:39,light rain,0.42,0.0
209,Waipawa,-41.41,175.52,57.0,68,6,1.01,NZ,2020-06-28 01:49:39,clear sky,0.0,0.0
210,Mnogovershinnyy,53.94,139.92,46.98,97,100,3.29,RU,2020-06-28 01:49:39,light rain,0.16,0.0
211,Almaznyy,48.04,40.05,59.0,72,0,3.91,RU,2020-06-28 01:49:39,clear sky,0.0,0.0
212,Tecoanapa,16.52,-98.75,81.77,72,37,2.68,MX,2020-06-28 01:49:39,scattered clouds,0.0,0.0
213,Mana,5.66,-53.78,77.72,87,99,5.08,GF,2020-06-28 01:49:39,overcast clouds,0.0,0.0
214,Fortuna,40.6,-124.16,60.01,76,75,14.99,US,2020-06-28 01:49:39,broken clouds,0.0,0.0
215,Roros,62.57,11.38,62.6,77,0,13.87,NO,2020-06-28 01:49:39,clear sky,0.0,0.0
216,The Valley,18.22,-63.06,84.2,79,40,13.87,AI,2020-06-28 01:44:48,scattered clouds,0.0,0.0
217,Dennery,13.9,-60.89,84.2,74,20,21.92,LC,2020-06-28 01:49:39,few clouds,0.0,0.0
218,Port Blair,11.67,92.75,84.38,72,97,10.11,IN,2020-06-28 01:49:39,light rain,0.27,0.0
219,Opuwo,-18.06,13.84,50.58,46,0,4.85,NA,2020-06-28 01:49:39,clear sky,0.0,0.0
220,Xiamen,24.48,118.08,89.6,70,20,6.71,CN,2020-06-28 01:49:39,few clouds,0.0,0.0
221,Karratha,-20.74,116.85,77.36,20,0,13.4,AU,2020-06-28 01:49:40,clear sky,0.0,0.0
222,Esperance,-33.87,121.9,62.6,59,0,16.11,AU,2020-06-28 01:49:40,clear sky,0.0,0.0
223,Nieuw Amsterdam,5.88,-55.08,79.0,94,96,5.57,SR,2020-06-28 01:49:40,overcast clouds,0.0,0.0
224,Paungde,18.48,95.5,79.74,85,99,9.93,MM,2020-06-28 01:49:40,overcast clouds,0.0,0.0
225,Thompson,55.74,-97.86,60.8,93,75,11.41,CA,2020-06-28 01:49:40,light intensity shower rain,0.0,0.0
226,Camacha,33.08,-16.33,68.0,82,75,11.41,PT,2020-06-28 01:49:40,broken clouds,0.0,0.0
227,Ureki,42.0,41.78,68.0,94,75,3.36,GE,2020-06-28 01:49:40,broken clouds,0.0,0.0
228,Cedar City,37.68,-113.06,87.8,10,1,13.87,US,2020-06-28 01:47:46,clear sky,0.0,0.0
229,Tambilil,5.96,124.67,82.4,74,40,2.24,PH,2020-06-28 01:49:40,scattered clouds,0.0,0.0
230,Trairi,-3.28,-39.27,76.48,84,11,6.6,BR,2020-06-28 01:49:40,light rain,0.2,0.0
231,Saint-Pierre,-21.34,55.48,68.0,77,20,4.7,RE,2020-06-28 01:49:40,few clouds,0.0,0.0
232,Richards Bay,-28.78,32.04,60.71,43,0,11.79,ZA,2020-06-28 01:49:40,clear sky,0.0,0.0
233,Alyangula,-13.85,136.42,80.6,65,75,9.17,AU,2020-06-28 01:49:40,broken clouds,0.0,0.0
234,Iqaluit,63.75,-68.51,39.2,86,40,4.7,CA,2020-06-28 01:49:40,scattered clouds,0.0,0.0
235,Champerico,14.3,-91.92,82.24,79,68,5.59,GT,2020-06-28 01:49:40,broken clouds,0.0,0.0
236,Byron Bay,-28.65,153.62,60.01,93,75,8.05,AU,2020-06-28 01:49:40,broken clouds,0.0,0.0
237,Sao Joao Da Barra,-21.64,-41.05,69.3,87,9,14.12,BR,2020-06-28 01:46:12,clear sky,0.0,0.0
238,Sulphur Springs,33.14,-95.6,86.0,58,1,6.93,US,2020-06-28 01:49:40,clear sky,0.0,0.0
239,Ust-Ilimsk,58.0,102.66,79.65,40,35,6.85,RU,2020-06-28 01:49:40,scattered clouds,0.0,0.0
240,Srednekolymsk,67.45,153.68,57.58,33,100,8.75,RU,2020-06-28 01:49:41,overcast clouds,0.0,0.0
241,Biak,-0.91,122.88,76.24,82,100,5.17,ID,2020-06-28 01:49:41,light rain,0.58,0.0
242,Waingapu,-9.66,120.26,82.27,62,13,12.26,ID,2020-06-28 01:49:41,few clouds,0.0,0.0
243,Praia Da Vitoria,38.73,-27.07,69.8,88,90,5.5,PT,2020-06-28 01:49:41,overcast clouds,0.0,0.0
244,Copiapo,-27.37,-70.33,55.4,82,75,14.99,CL,2020-06-28 01:49:41,broken clouds,0.0,0.0
245,Mar Del Plata,-38.0,-57.56,43.0,93,40,3.36,AR,2020-06-28 01:47:52,scattered clouds,0.0,0.0
246,Tomatlan,19.93,-105.25,80.15,75,30,2.59,MX,2020-06-28 01:49:41,scattered clouds,0.0,0.0
247,Vigevano,45.31,8.86,69.01,98,6,3.96,IT,2020-06-28 01:49:41,clear sky,0.0,0.0
248,Hasaki,35.73,140.83,72.0,94,75,6.93,JP,2020-06-28 01:49:41,heavy intensity shower rain,0.0,0.0
249,Mapiripan,2.89,-72.13,73.62,91,54,0.81,CO,2020-06-28 01:49:41,broken clouds,0.0,0.0
250,Cocobeach,1.0,9.58,77.0,88,20,5.82,GA,2020-06-28 01:49:41,few clouds,0.0,0.0
251,Araouane,18.9,-3.53,94.75,13,18,10.92,ML,2020-06-28 01:45:57,few clouds,0.0,0.0
252,Meulaboh,4.14,96.13,81.77,74,5,4.5,ID,2020-06-28 01:49:41,clear sky,0.0,0.0
253,Elizabeth City,36.29,-76.25,82.4,65,1,5.82,US,2020-06-28 01:49:41,clear sky,0.0,0.0
254,Ahuimanu,21.44,-157.84,86.0,62,40,14.99,US,2020-06-28 01:49:41,scattered clouds,0.0,0.0
255,Le Vauclin,14.55,-60.84,82.4,83,75,9.17,MQ,2020-06-28 01:49:41,broken clouds,0.0,0.0
256,Kargasok,59.06,80.86,67.42,84,78,9.08,RU,2020-06-28 01:49:41,broken clouds,0.0,0.0
257,Santa Ana,33.75,-117.87,75.0,68,40,10.29,US,2020-06-28 01:45:02,scattered clouds,0.0,0.0
258,Emerald,-23.53,148.17,71.6,53,95,10.29,AU,2020-06-28 01:49:41,overcast clouds,0.0,0.0
259,Te Anau,-45.42,167.72,46.56,86,100,4.47,NZ,2020-06-28 01:49:41,overcast clouds,0.0,0.0
260,Ancud,-41.87,-73.82,45.0,93,20,3.36,CL,2020-06-28 01:49:41,few clouds,0.0,0.0
261,Brownsburg,39.84,-86.4,73.99,94,40,10.76,US,2020-06-28 01:49:03,scattered clouds,0.0,0.0
262,Wanaka,-44.7,169.15,39.99,91,100,3.58,NZ,2020-06-28 01:49:42,moderate rain,2.54,0.0
263,Rundu,-17.93,19.77,50.0,47,0,1.12,NA,2020-06-28 01:45:09,clear sky,0.0,0.0
264,Camana,-16.62,-72.71,61.07,81,3,5.82,PE,2020-06-28 01:49:42,clear sky,0.0,0.0
265,Shenjiamen,29.96,122.3,75.65,95,100,11.72,CN,2020-06-28 01:49:42,light rain,0.95,0.0
266,Atar,20.52,-13.05,95.25,10,0,10.49,MR,2020-06-28 01:49:42,clear sky,0.0,0.0
267,Pisco,-13.7,-76.22,62.6,82,3,13.87,PE,2020-06-28 01:49:42,clear sky,0.0,0.0
268,Petropavlovsk-Kamchatskiy,53.05,158.65,78.8,44,26,6.71,RU,2020-06-28 01:49:42,scattered clouds,0.0,0.0
269,Morro Bay,35.37,-120.85,70.0,91,32,1.99,US,2020-06-28 01:45:12,scattered clouds,0.0,0.0
270,Aripuana,-9.17,-60.63,74.23,69,37,0.96,BR,2020-06-28 01:49:42,scattered clouds,0.0,0.0
271,Vestmannaeyjar,63.44,-20.27,52.52,89,100,1.14,IS,2020-06-28 01:49:42,overcast clouds,0.0,0.0
272,Bandundu,-3.32,17.37,76.93,55,75,2.01,CD,2020-06-28 01:49:42,broken clouds,0.0,0.0
273,Dunedin,-45.87,170.5,51.01,91,100,1.01,NZ,2020-06-28 01:49:42,light rain,0.76,0.0
274,Katsina,12.99,7.6,81.39,65,98,15.21,NG,2020-06-28 01:49:42,overcast clouds,0.0,0.0
275,Saint-Joseph,-21.37,55.62,68.0,77,20,4.7,RE,2020-06-28 01:49:42,few clouds,0.0,0.0
276,Deputatskiy,69.3,139.9,61.61,54,99,3.78,RU,2020-06-28 01:49:42,overcast clouds,0.0,0.0
277,Sao Gabriel Da Cachoeira,-0.13,-67.09,73.44,95,56,1.5,BR,2020-06-28 01:49:42,light rain,0.72,0.0
278,Makakilo City,21.35,-158.09,87.8,52,75,10.29,US,2020-06-28 01:45:18,broken clouds,0.0,0.0
279,Halifax,44.65,-63.57,63.0,71,100,1.01,CA,2020-06-28 01:46:07,overcast clouds,0.0,0.0
280,Sistranda,63.73,8.83,71.6,60,0,12.75,NO,2020-06-28 01:49:43,clear sky,0.0,0.0
281,Dicabisagan,17.08,122.42,87.75,61,100,6.8,PH,2020-06-28 01:49:43,overcast clouds,0.0,0.0
282,Fairbanks,64.84,-147.72,69.01,37,1,2.48,US,2020-06-28 01:49:43,clear sky,0.0,0.0
283,Port Hardy,50.7,-127.42,60.8,63,75,12.75,CA,2020-06-28 01:45:02,broken clouds,0.0,0.0
284,Ballitoville,-29.54,31.21,55.4,62,0,5.82,ZA,2020-06-28 01:49:43,clear sky,0.0,0.0
285,Dubinino,55.62,89.09,72.46,62,62,11.86,RU,2020-06-28 01:49:43,broken clouds,0.0,0.0
286,Lavrentiya,65.58,-171.0,42.15,68,56,16.02,RU,2020-06-28 01:49:43,broken clouds,0.0,0.0
287,Tabuk,17.42,121.44,86.22,65,100,6.44,PH,2020-06-28 01:49:43,overcast clouds,0.0,0.0
288,Salalah,17.02,54.09,82.4,94,75,3.36,OM,2020-06-28 01:49:43,broken clouds,0.0,0.0
289,Batticaloa,7.71,81.69,82.29,72,64,3.58,LK,2020-06-28 01:49:43,broken clouds,0.0,0.0
290,Tessalit,20.2,1.01,90.77,14,0,18.48,ML,2020-06-28 01:49:43,clear sky,0.0,0.0
291,Terrace,54.52,-128.6,62.6,63,75,4.7,CA,2020-06-28 01:45:21,shower rain,0.0,0.0
292,Tarauaca,-8.16,-70.77,74.25,83,37,1.99,BR,2020-06-28 01:49:43,scattered clouds,0.0,0.0
293,Malakal,9.53,31.66,76.87,79,99,2.51,SS,2020-06-28 01:49:43,light rain,0.31,0.0
294,Mahon,39.89,4.27,68.0,88,0,1.52,ES,2020-06-28 01:49:43,clear sky,0.0,0.0
295,Chimore,-16.98,-65.13,57.96,69,88,2.13,BO,2020-06-28 01:49:43,overcast clouds,0.0,0.0
296,Haines Junction,60.75,-137.51,69.53,24,100,4.79,CA,2020-06-28 01:49:43,overcast clouds,0.0,0.0
297,Naze,28.37,129.48,80.6,94,75,14.99,JP,2020-06-28 01:49:44,light rain,0.0,0.0
298,Codrington,-38.27,141.97,53.94,67,0,7.56,AU,2020-06-28 01:49:44,clear sky,0.0,0.0
299,Pathein,16.78,94.73,81.18,82,100,4.94,MM,2020-06-28 01:49:44,light rain,1.0,0.0
300,Constitucion,-35.33,-72.42,54.09,84,100,5.41,CL,2020-06-28 01:49:44,overcast clouds,0.0,0.0
301,Yar-Sale,66.83,70.83,50.58,61,23,6.08,RU,2020-06-28 01:49:44,few clouds,0.0,0.0
302,Gayny,60.31,54.32,46.35,82,40,9.98,RU,2020-06-28 01:49:44,scattered clouds,0.0,0.0
303,Keti Bandar,24.14,67.45,87.3,73,74,18.61,PK,2020-06-28 01:49:44,broken clouds,0.0,0.0
304,Kidal,18.44,1.41,86.85,29,5,6.89,ML,2020-06-28 01:49:44,clear sky,0.0,0.0
305,Aguas Formosas,-17.08,-40.94,66.49,91,7,1.61,BR,2020-06-28 01:49:44,clear sky,0.0,0.0
306,Tianpeng,30.99,103.94,89.01,1,85,3.85,CN,2020-06-28 01:49:44,overcast clouds,0.0,0.0
307,Goya,-29.14,-59.26,45.97,79,100,4.43,AR,2020-06-28 01:49:44,overcast clouds,0.0,0.0
308,Kyren,51.68,102.14,75.81,34,1,0.22,RU,2020-06-28 01:49:44,clear sky,0.0,0.0
309,Sitka,57.05,-135.33,57.2,76,75,13.87,US,2020-06-28 01:49:44,broken clouds,0.0,0.0
310,Poronaysk,49.22,143.12,52.92,86,100,6.98,RU,2020-06-28 01:49:44,overcast clouds,0.0,0.0
311,Progreso,21.28,-89.67,84.99,70,75,9.17,MX,2020-06-28 01:49:44,broken clouds,0.0,0.0
312,Cuamba,-14.8,36.54,62.42,70,5,1.23,MZ,2020-06-28 01:49:44,clear sky,0.0,0.0
313,Torbay,47.67,-52.73,55.0,100,75,9.17,CA,2020-06-28 01:49:44,broken clouds,0.0,0.0
314,Mazyr,52.05,29.25,63.41,88,91,6.85,BY,2020-06-28 01:49:44,overcast clouds,0.0,0.0
315,Port Lincoln,-34.73,135.87,58.73,47,0,12.71,AU,2020-06-28 01:49:44,clear sky,0.0,0.0
316,Ilhabela,-23.78,-45.36,63.48,83,72,2.84,BR,2020-06-28 01:47:06,broken clouds,0.0,0.0
317,North Bend,43.41,-124.22,66.0,77,1,18.34,US,2020-06-28 01:49:44,clear sky,0.0,0.0
318,Henties Bay,-22.12,14.28,51.01,90,0,5.55,NA,2020-06-28 01:49:45,clear sky,0.0,0.0
319,Saint-Georges,12.06,-61.75,80.6,88,40,16.11,GD,2020-06-28 01:49:45,scattered clouds,0.0,0.0
320,Biankouma,7.74,-7.61,68.47,98,77,2.53,CI,2020-06-28 01:49:45,broken clouds,0.0,0.0
321,Havre-Saint-Pierre,50.23,-63.6,59.0,93,90,14.99,CA,2020-06-28 01:49:45,overcast clouds,0.0,0.0
322,Vila Velha,-20.33,-40.29,75.2,73,0,5.82,BR,2020-06-28 01:49:45,clear sky,0.0,0.0
323,Seoul,37.57,126.98,80.6,69,20,5.82,KR,2020-06-28 01:46:33,few clouds,0.0,0.0
324,Vila Praia De Ancora,41.81,-8.85,64.0,93,75,3.36,PT,2020-06-28 01:49:45,broken clouds,0.0,0.0
325,Nieuwpoort,51.12,2.77,59.0,77,100,12.75,BE,2020-06-28 01:49:45,overcast clouds,0.0,0.0
326,Manggar,-2.88,108.27,83.43,77,79,14.47,ID,2020-06-28 01:49:45,light rain,0.18,0.0
327,Pinotepa Nacional,16.32,-98.02,77.72,83,66,1.79,MX,2020-06-28 01:49:45,light rain,0.4,0.0
328,Lompoc,34.64,-120.46,68.0,72,6,11.41,US,2020-06-28 01:49:45,clear sky,0.0,0.0
329,Coihaique,-45.58,-72.07,33.8,59,75,5.82,CL,2020-06-28 01:49:45,broken clouds,0.0,0.0
330,Gat,31.61,34.76,71.01,90,0,2.77,IL,2020-06-28 01:49:45,clear sky,0.0,0.0
331,Karacabey,40.22,28.4,71.6,83,0,18.34,TR,2020-06-28 01:49:45,clear sky,0.0,0.0
332,Nouadhibou,20.93,-17.03,71.6,78,0,20.8,MR,2020-06-28 01:49:45,clear sky,0.0,0.0
333,Kavaratti,10.57,72.64,83.48,76,43,16.55,IN,2020-06-28 01:49:45,scattered clouds,0.0,0.0
334,Pacific Grove,36.62,-121.92,60.8,82,90,8.05,US,2020-06-28 01:49:45,overcast clouds,0.0,0.0
335,Berlevag,70.86,29.09,44.02,85,100,14.83,NO,2020-06-28 01:49:45,overcast clouds,0.0,0.0
336,Hibbing,47.43,-92.94,78.8,44,20,3.36,US,2020-06-28 01:49:45,few clouds,0.0,0.0
337,Brae,60.4,-1.35,55.4,100,88,14.99,GB,2020-06-28 01:49:45,overcast clouds,0.0,0.0
338,Moroni,-11.7,43.26,75.69,71,0,5.55,KM,2020-06-28 01:49:46,clear sky,0.0,0.0
339,Aginskoye,51.1,114.53,69.12,59,100,6.04,RU,2020-06-28 01:49:46,light rain,0.26,0.0
340,Tommot,58.96,126.29,79.66,36,0,5.3,RU,2020-06-28 01:49:46,clear sky,0.0,0.0
341,Bosaso,11.28,49.18,90.39,45,100,14.81,SO,2020-06-28 01:49:46,light rain,0.27,0.0
342,Okha,53.57,142.95,52.43,87,100,3.91,RU,2020-06-28 01:49:46,overcast clouds,0.0,0.0
343,Boone,39.03,-92.33,78.01,85,100,1.99,US,2020-06-28 01:49:46,overcast clouds,0.0,0.0
344,Mao,39.89,4.27,68.0,88,0,1.52,ES,2020-06-28 01:49:46,clear sky,0.0,0.0
345,Iralaya,15.0,-83.23,80.47,87,100,10.36,HN,2020-06-28 01:49:46,overcast clouds,0.0,0.0
346,Shache,38.42,77.24,74.52,27,53,16.35,CN,2020-06-28 01:49:46,broken clouds,0.0,0.0
347,Cabo San Lucas,22.89,-109.91,86.0,55,75,10.29,MX,2020-06-28 01:49:46,broken clouds,0.0,0.0
348,Zhangye,38.93,100.45,73.24,31,0,0.94,CN,2020-06-28 01:49:46,clear sky,0.0,0.0
349,Beringovskiy,63.05,179.32,45.3,57,46,14.9,RU,2020-06-28 01:45:16,scattered clouds,0.0,0.0
350,Airai,-8.93,125.41,70.12,65,55,5.03,TL,2020-06-28 01:49:46,broken clouds,0.0,0.0
351,Saint-Cesaire,45.42,-73.0,75.2,53,90,6.93,CA,2020-06-28 01:49:46,overcast clouds,0.0,0.0
352,Sept-Iles,50.2,-66.38,60.8,82,40,11.41,CA,2020-06-28 01:49:46,scattered clouds,0.0,0.0
353,Muros,42.78,-9.06,60.01,94,13,1.99,ES,2020-06-28 01:45:24,few clouds,0.0,0.0
354,Ust-Kuyga,70.02,135.6,83.75,33,90,10.16,RU,2020-06-28 01:49:46,overcast clouds,0.0,0.0
355,The Pas,53.83,-101.25,60.8,100,90,5.82,CA,2020-06-28 01:49:46,overcast clouds,0.0,0.0
356,Kamarion,36.8,25.82,73.99,76,0,3.0,GR,2020-06-28 01:49:47,clear sky,0.0,0.0
357,Tiznit,29.58,-9.5,66.78,47,0,2.06,MA,2020-06-28 01:49:47,clear sky,0.0,0.0
358,Ahar,38.48,47.07,51.85,72,1,3.87,IR,2020-06-28 01:49:47,clear sky,0.0,0.0
359,San Quintin,30.48,-115.95,65.55,81,10,11.43,MX,2020-06-28 01:49:47,clear sky,0.0,0.0
360,Bonthe,7.53,-12.51,76.5,88,100,4.59,SL,2020-06-28 01:49:47,light rain,0.92,0.0
361,Dogondoutchi,13.64,4.03,89.15,50,3,14.99,NE,2020-06-28 01:45:47,clear sky,0.0,0.0
362,Hope,33.67,-93.59,87.01,68,33,4.5,US,2020-06-28 01:49:47,scattered clouds,0.0,0.0
363,Virginia Beach,36.85,-75.98,82.4,54,40,10.87,US,2020-06-28 01:46:26,scattered clouds,0.0,0.0
364,Mackay,-21.15,149.2,69.8,77,90,16.11,AU,2020-06-28 01:47:05,overcast clouds,0.0,0.0
365,Cap Malheureux,-19.98,57.61,72.0,77,72,5.99,MU,2020-06-28 01:49:47,broken clouds,0.0,0.0
366,Saldanha,-33.01,17.94,55.4,82,63,2.24,ZA,2020-06-28 01:49:47,broken clouds,0.0,0.0
367,Wunsiedel,50.03,12.02,63.0,94,54,3.0,DE,2020-06-28 01:49:47,broken clouds,0.0,0.0
368,Nadvoitsy,63.87,34.32,47.66,78,8,3.83,RU,2020-06-28 01:49:47,clear sky,0.0,0.0
369,Husavik,66.04,-17.34,46.4,100,90,2.91,IS,2020-06-28 01:49:47,mist,0.0,0.0
370,Bahir Dar,11.59,37.39,60.64,92,82,5.64,ET,2020-06-28 01:49:47,light rain,0.88,0.0
371,Abakaliki,6.32,8.12,73.87,94,98,6.38,NG,2020-06-28 01:49:47,light rain,0.29,0.0
372,Acapulco,16.86,-99.89,86.0,70,75,2.48,MX,2020-06-28 01:49:47,broken clouds,0.0,0.0
373,Bom Jesus Da Lapa,-13.26,-43.42,71.67,46,1,6.35,BR,2020-06-28 01:49:47,clear sky,0.0,0.0
374,Jaisinghnagar,23.7,81.38,84.09,66,70,10.16,IN,2020-06-28 01:49:48,broken clouds,0.0,0.0
375,Opportunity,47.65,-117.24,77.0,17,40,10.29,US,2020-06-28 01:49:48,scattered clouds,0.0,0.0
376,Mount Isa,-20.73,139.5,73.4,27,0,5.82,AU,2020-06-28 01:49:48,clear sky,0.0,0.0
377,Ouadda,8.08,22.4,66.36,91,98,2.59,CF,2020-06-28 01:49:48,overcast clouds,0.0,0.0
378,Fare,-16.7,-151.02,77.43,76,79,18.28,PF,2020-06-28 01:49:48,broken clouds,0.0,0.0
379,Yershov,51.35,48.28,63.3,88,12,11.95,RU,2020-06-28 01:49:48,few clouds,0.0,0.0
380,Yellowknife,62.46,-114.35,71.6,40,75,9.17,CA,2020-06-28 01:49:48,broken clouds,0.0,0.0
381,Kutum,14.2,24.67,72.93,44,2,5.14,SD,2020-06-28 01:49:48,clear sky,0.0,0.0
382,Esna,25.29,32.55,82.17,22,0,8.93,EG,2020-06-28 01:49:48,clear sky,0.0,0.0
383,Fairlie,55.76,-4.86,53.01,93,100,16.11,GB,2020-06-28 01:49:48,moderate rain,3.05,0.0
384,Ambilobe,-13.2,49.05,66.18,84,0,2.37,MG,2020-06-28 01:49:48,clear sky,0.0,0.0
385,Margate,51.38,1.39,60.01,76,100,3.0,GB,2020-06-28 01:49:48,overcast clouds,0.0,0.0
386,Andenes,69.31,16.12,48.2,93,46,24.16,NO,2020-06-28 01:46:16,scattered clouds,0.0,0.0
387,Cockburn Town,21.46,-71.14,82.58,83,43,15.5,TC,2020-06-28 01:49:48,scattered clouds,0.0,0.0
388,Hami,42.8,93.45,82.98,24,0,2.66,CN,2020-06-28 01:49:48,clear sky,0.0,0.0
389,Lensk,60.73,114.93,79.39,38,56,7.7,RU,2020-06-28 01:49:48,broken clouds,0.0,0.0
390,Belyy Yar,53.6,91.39,69.8,77,69,4.47,RU,2020-06-28 01:49:48,broken clouds,0.0,0.0
391,Noumea,-22.28,166.46,75.2,57,90,17.22,NC,2020-06-28 01:47:06,overcast clouds,0.0,0.0
392,Saskylakh,71.92,114.08,62.82,46,81,7.45,RU,2020-06-28 01:49:48,broken clouds,0.0,0.0
393,Alibag,18.64,72.88,82.4,94,75,4.7,IN,2020-06-28 01:49:48,haze,0.0,0.0
394,Kloulklubed,7.04,134.26,84.2,79,75,5.82,PW,2020-06-28 01:49:48,broken clouds,0.0,0.0
395,Pizarro,4.95,-77.37,76.78,88,100,5.35,CO,2020-06-28 01:49:49,moderate rain,1.28,0.0
396,Gornoye Loo,43.71,39.6,69.8,77,40,2.24,RU,2020-06-28 01:49:49,scattered clouds,0.0,0.0
397,Coolum Beach,-26.53,153.1,60.01,96,100,4.0,AU,2020-06-28 01:49:49,moderate rain,1.31,0.0
398,Ostrovnoy,68.05,39.51,41.56,83,100,15.14,RU,2020-06-28 01:49:49,overcast clouds,0.0,0.0
399,Tokur,53.13,132.9,73.24,44,100,4.0,RU,2020-06-28 01:49:49,light rain,0.21,0.0
400,Iwanai,42.97,140.51,64.58,87,100,2.21,JP,2020-06-28 01:49:49,overcast clouds,0.0,0.0
401,Shizunai,42.33,142.37,58.91,94,100,9.84,JP,2020-06-28 01:49:49,light rain,0.86,0.0
402,Khash,28.22,61.22,75.67,25,19,4.61,IR,2020-06-28 01:49:49,few clouds,0.0,0.0
403,Lumsden,50.65,-104.87,75.2,60,75,14.99,CA,2020-06-28 01:47:02,broken clouds,0.0,0.0
404,Chardara,41.25,67.97,64.45,31,9,11.36,KZ,2020-06-28 01:49:49,clear sky,0.0,0.0
405,Krasnoselkup,65.7,82.47,73.76,56,85,20.22,RU,2020-06-28 01:49:49,overcast clouds,0.0,0.0
406,Flinders,-34.58,150.86,60.01,58,4,7.0,AU,2020-06-28 01:49:49,clear sky,0.0,0.0
407,Pangnirtung,66.15,-65.71,45.84,72,75,2.44,CA,2020-06-28 01:49:49,broken clouds,0.0,0.0
408,Leshukonskoye,64.9,45.76,42.82,79,22,9.19,RU,2020-06-28 01:49:49,few clouds,0.0,0.0
409,Tarumovka,44.08,46.54,60.04,72,1,6.89,RU,2020-06-28 01:49:49,clear sky,0.0,0.0
410,Inuvik,68.35,-133.72,55.4,50,75,10.29,CA,2020-06-28 01:49:49,broken clouds,0.0,0.0
411,Ocos,14.51,-92.19,84.2,94,75,3.36,GT,2020-06-28 01:49:49,broken clouds,0.0,0.0
412,Vardo,70.37,31.11,44.51,84,100,15.08,NO,2020-06-28 01:49:50,overcast clouds,0.0,0.0
413,Bocas Del Toro,9.33,-82.25,63.0,94,100,1.01,PA,2020-06-28 01:49:50,overcast clouds,0.0,0.0
414,Kijang,35.24,129.21,84.2,51,20,5.82,KR,2020-06-28 01:49:50,few clouds,0.0,0.0
415,Avera,33.19,-82.53,73.4,83,1,4.7,US,2020-06-28 01:49:50,clear sky,0.0,0.0
416,Bulgan,48.81,103.53,64.2,67,100,1.81,MN,2020-06-28 01:49:50,light rain,0.11,0.0
417,Aflao,6.12,1.19,78.8,88,40,10.29,TG,2020-06-28 01:49:50,scattered clouds,0.0,0.0
418,Axim,4.87,-2.24,76.24,88,100,8.57,GH,2020-06-28 01:49:50,light rain,0.43,0.0
419,Neuquen,-38.95,-68.06,35.6,93,75,11.16,AR,2020-06-28 01:49:50,drizzle,0.0,0.0
420,Sao Joao,-8.88,-36.37,62.56,99,29,2.86,BR,2020-06-28 01:49:50,scattered clouds,0.0,0.0
421,Ewo,-0.87,14.82,74.44,76,4,4.23,CG,2020-06-28 01:49:50,clear sky,0.0,0.0
422,Adrar,20.5,-10.07,95.13,10,0,16.42,MR,2020-06-28 01:49:50,clear sky,0.0,0.0
423,Mount Pleasant,32.79,-79.86,84.2,66,20,3.36,US,2020-06-28 01:47:51,haze,0.0,0.0
424,Charters Towers,-20.1,146.27,71.64,61,21,10.65,AU,2020-06-28 01:49:50,few clouds,0.0,0.0
425,Bengkulu,-3.8,102.27,82.89,67,4,3.31,ID,2020-06-28 01:49:50,clear sky,0.0,0.0
426,Adand,46.86,18.16,67.68,80,0,2.62,HU,2020-06-28 01:49:50,clear sky,0.0,0.0
427,Lerwick,60.15,-1.15,55.4,100,72,16.11,GB,2020-06-28 01:49:14,broken clouds,0.0,0.0
428,Sur,22.57,59.53,84.43,71,67,12.68,OM,2020-06-28 01:45:14,broken clouds,0.0,0.0
429,Kirakira,-10.45,161.92,85.06,72,81,10.4,SB,2020-06-28 01:49:50,light rain,0.26,0.0
430,Vaasa,63.1,21.62,60.01,71,59,6.93,FI,2020-06-28 01:49:50,broken clouds,0.0,0.0
431,Ulladulla,-35.35,150.47,57.2,47,75,8.05,AU,2020-06-28 01:49:51,broken clouds,0.0,0.0
432,Vagur,61.47,-6.81,53.11,98,100,20.11,FO,2020-06-28 01:49:51,overcast clouds,0.0,0.0
433,Gresham,45.5,-122.43,66.99,52,75,13.87,US,2020-06-28 01:45:24,broken clouds,0.0,0.0
434,Swindon,51.56,-1.78,52.0,100,90,12.75,GB,2020-06-28 01:49:35,overcast clouds,0.0,0.0
435,Price,39.6,-110.81,89.6,11,1,13.87,US,2020-06-28 01:49:51,clear sky,0.0,0.0
436,Krasnokamensk,50.1,118.04,76.68,33,94,6.96,RU,2020-06-28 01:49:51,overcast clouds,0.0,0.0
437,Half Moon Bay,37.46,-122.43,68.0,60,40,19.46,US,2020-06-28 01:49:51,scattered clouds,0.0,0.0
438,Panji,-7.73,114.1,84.29,56,65,1.88,ID,2020-06-28 01:49:51,broken clouds,0.0,0.0
439,Mantua,45.17,10.78,71.01,83,0,1.01,IT,2020-06-28 01:49:51,clear sky,0.0,0.0
440,Kruisfontein,-34.0,24.73,53.91,67,42,21.54,ZA,2020-06-28 01:49:51,light rain,0.19,0.0
441,Palmer,42.16,-72.33,66.99,100,90,5.82,US,2020-06-28 01:49:51,overcast clouds,0.0,0.0
442,Jega,12.22,4.38,84.11,60,16,13.89,NG,2020-06-28 01:49:51,few clouds,0.0,0.0
443,Mercedes,-34.65,-59.43,46.0,39,7,1.01,AR,2020-06-28 01:45:57,clear sky,0.0,0.0
444,Haverfordwest,51.8,-4.97,57.2,82,15,29.97,GB,2020-06-28 01:46:22,few clouds,0.0,0.0
445,Posse,-14.09,-46.37,67.53,52,0,4.36,BR,2020-06-28 01:49:51,clear sky,0.0,0.0
446,Schongau,47.82,10.9,60.01,78,47,4.14,DE,2020-06-28 01:49:51,scattered clouds,0.0,0.0
447,Takoradi,4.88,-1.76,76.35,88,100,8.72,GH,2020-06-28 01:49:51,light rain,0.31,0.0
448,Bilibino,68.05,166.44,46.78,53,82,13.33,RU,2020-06-28 01:49:51,broken clouds,0.0,0.0
449,Antofagasta,-23.65,-70.4,59.0,77,90,6.93,CL,2020-06-28 01:49:51,overcast clouds,0.0,0.0
450,Pafos,34.77,32.42,73.4,94,0,3.36,CY,2020-06-28 01:44:56,clear sky,0.0,0.0
451,Vadso,70.07,29.75,44.6,81,97,8.05,NO,2020-06-28 01:49:51,overcast clouds,0.0,0.0
452,Nagato,34.38,131.2,77.0,73,75,9.17,JP,2020-06-28 01:49:51,broken clouds,0.0,0.0
453,Vuktyl,63.86,57.31,46.18,66,3,11.92,RU,2020-06-28 01:49:52,clear sky,0.0,0.0
454,Yeppoon,-23.13,150.73,71.6,49,90,10.29,AU,2020-06-28 01:49:52,overcast clouds,0.0,0.0
455,Zhanakorgan,43.91,67.25,62.51,39,14,6.15,KZ,2020-06-28 01:49:52,few clouds,0.0,0.0
456,Sakakah,29.97,40.21,84.2,12,0,8.05,SA,2020-06-28 01:49:52,clear sky,0.0,0.0
457,Umm Lajj,25.02,37.27,84.78,44,21,10.8,SA,2020-06-28 01:49:52,few clouds,0.0,0.0
458,Harper,4.38,-7.72,75.94,80,99,7.45,LR,2020-06-28 01:49:52,overcast clouds,0.0,0.0
459,Korgen,66.08,13.82,60.01,71,74,1.99,NO,2020-06-28 01:49:52,broken clouds,0.0,0.0
460,Kameshkovo,56.35,41.0,57.99,85,54,4.47,RU,2020-06-28 01:49:52,broken clouds,0.0,0.0
461,Castrillon,43.4,-6.79,62.6,88,90,1.12,ES,2020-06-28 01:49:52,overcast clouds,0.0,0.0
462,Tilichiki,60.47,166.1,56.48,65,100,13.8,RU,2020-06-28 01:49:52,overcast clouds,0.0,0.0
463,Misratah,32.38,15.09,73.17,80,0,8.84,LY,2020-06-28 01:47:41,clear sky,0.0,0.0
464,Vao,-22.67,167.48,69.84,65,0,13.73,NC,2020-06-28 01:49:52,clear sky,0.0,0.0
465,Alugan,12.22,125.48,82.38,74,100,4.09,PH,2020-06-28 01:49:52,light rain,0.84,0.0
466,Kichmengskiy Gorodok,59.98,45.79,46.89,87,22,7.45,RU,2020-06-28 01:49:52,few clouds,0.0,0.0
467,Baykit,61.67,96.37,77.22,43,100,6.71,RU,2020-06-28 01:49:52,overcast clouds,0.0,0.0
468,Diamantino,-14.41,-56.45,65.55,92,0,3.89,BR,2020-06-28 01:49:52,clear sky,0.0,0.0
469,Uglovskoye,51.36,80.19,60.53,51,5,17.07,RU,2020-06-28 01:49:52,clear sky,0.0,0.0
470,Shebalino,51.29,85.68,63.48,46,100,10.11,RU,2020-06-28 01:49:52,overcast clouds,0.0,0.0
471,Tarazona,41.9,-1.73,75.2,68,0,6.93,ES,2020-06-28 01:45:28,clear sky,0.0,0.0
472,Barra Do Corda,-5.5,-45.25,73.24,69,0,1.43,BR,2020-06-28 01:49:53,clear sky,0.0,0.0
473,Plettenberg Bay,-34.05,23.37,57.36,65,43,21.92,ZA,2020-06-28 01:49:53,scattered clouds,0.0,0.0
474,Mitchell,43.71,-98.03,84.2,54,1,9.17,US,2020-06-28 01:47:11,clear sky,0.0,0.0
475,Pitimbu,-7.47,-34.81,73.4,100,40,3.36,BR,2020-06-28 01:49:53,scattered clouds,0.0,0.0
476,Santa Maria,-29.68,-53.81,44.31,92,0,5.03,BR,2020-06-28 01:49:53,clear sky,0.0,0.0
477,Itarema,-2.92,-39.92,76.1,85,23,10.27,BR,2020-06-28 01:49:53,light rain,0.12,0.0
478,Thabazimbi,-24.59,27.41,44.85,53,0,1.43,ZA,2020-06-28 01:49:53,clear sky,0.0,0.0
479,Kenora,49.82,-94.43,80.6,42,20,5.82,CA,2020-06-28 01:49:53,few clouds,0.0,0.0
480,Salinopolis,-0.61,-47.36,78.64,86,78,9.69,BR,2020-06-28 01:49:53,light rain,0.19,0.0
481,Klyuchi,52.27,79.17,60.13,52,61,25.93,RU,2020-06-28 01:49:53,broken clouds,0.0,0.0
482,Samarai,-10.62,150.67,79.45,81,27,15.19,PG,2020-06-28 01:49:53,scattered clouds,0.0,0.0
483,Ajdabiya,30.76,20.23,69.98,62,0,7.09,LY,2020-06-28 01:49:53,clear sky,0.0,0.0
484,Aurora,39.73,-104.83,84.2,22,75,13.87,US,2020-06-28 01:47:27,light rain,0.25,0.0
485,Celestun,20.87,-90.4,84.0,74,43,16.6,MX,2020-06-28 01:49:53,scattered clouds,0.0,0.0
486,Ialibu,-6.28,143.99,68.0,77,75,4.7,PG,2020-06-28 01:49:53,light intensity shower rain,0.0,0.0
487,Egvekinot,66.32,-179.17,34.93,85,100,2.68,RU,2020-06-28 01:49:53,overcast clouds,0.0,0.0
488,La Reforma,25.08,-108.05,87.01,81,100,5.99,MX,2020-06-28 01:49:53,overcast clouds,0.0,0.0
489,Nouna,12.73,-3.87,82.11,54,13,8.46,BF,2020-06-28 01:49:53,light rain,0.25,0.0
490,Cangzhou,38.32,116.87,91.58,29,70,11.61,CN,2020-06-28 01:44:58,broken clouds,0.0,0.0
491,Kamenka,51.32,42.77,61.0,76,0,1.99,RU,2020-06-28 01:49:53,clear sky,0.0,0.0
492,Ambon,-3.7,128.18,81.0,88,75,2.24,ID,2020-06-28 01:49:53,broken clouds,0.0,0.0
493,Forio,40.73,13.86,72.0,64,0,1.99,IT,2020-06-28 01:49:53,clear sky,0.0,0.0
494,Mountain Home,43.13,-115.69,84.2,25,1,19.46,US,2020-06-28 01:49:53,clear sky,0.0,0.0
495,Chortomlyk,47.62,34.14,71.58,63,0,1.57,UA,2020-06-28 01:49:54,clear sky,0.0,0.0
496,Ilulissat,69.22,-51.1,39.2,86,0,1.12,GL,2020-06-28 01:48:50,clear sky,0.0,0.0
497,Tete,-16.16,33.59,70.47,57,61,1.39,MZ,2020-06-28 01:49:54,broken clouds,0.0,0.0
498,Indramayu,-6.33,108.32,82.09,71,34,9.04,ID,2020-06-28 01:49:54,scattered clouds,0.0,0.0
499,North Tonawanda,43.04,-78.86,72.0,78,20,10.29,US,2020-06-28 01:46:17,few clouds,0.0,0.0
500,Ust-Karsk,52.7,118.81,80.1,34,30,3.33,RU,2020-06-28 01:49:54,scattered clouds,0.0,0.0
501,Tarko-Sale,64.92,77.78,54.0,93,100,11.99,RU,2020-06-28 01:49:54,light rain,0.15,0.0
502,Akhmeta,42.03,45.21,62.6,82,90,6.93,GE,2020-06-28 01:49:54,light intensity shower rain,0.0,0.0
503,Ko Samui,9.54,99.94,84.2,79,20,13.91,TH,2020-06-28 01:49:54,few clouds,0.0,0.0
504,Gander,48.97,-54.59,57.2,100,90,5.82,CA,2020-06-28 01:49:54,light rain,0.0,0.0
505,Chase,50.82,-119.69,57.0,92,100,2.89,CA,2020-06-28 01:49:54,light rain,0.71,0.0
506,Namtsy,62.72,129.67,82.4,32,23,2.24,RU,2020-06-28 01:49:54,few clouds,0.0,0.0
507,Sehore,23.2,77.08,81.41,74,100,8.68,IN,2020-06-28 01:49:54,overcast clouds,0.0,0.0
508,Deniliquin,-35.53,144.97,55.0,68,0,5.37,AU,2020-06-28 01:48:11,clear sky,0.0,0.0
509,Rawson,-43.3,-65.1,36.45,76,0,6.67,AR,2020-06-28 01:49:54,clear sky,0.0,0.0
510,Merauke,-8.47,140.33,81.03,74,100,13.11,ID,2020-06-28 01:45:53,overcast clouds,0.0,0.0
511,Zyryanka,65.75,150.85,71.56,30,34,10.33,RU,2020-06-28 01:45:26,scattered clouds,0.0,0.0
512,College,64.86,-147.8,69.01,37,40,2.73,US,2020-06-28 01:49:54,scattered clouds,0.0,0.0
513,West Wendover,40.74,-114.07,96.8,13,1,13.87,US,2020-06-28 01:49:54,clear sky,0.0,0.0
514,Shorapani,42.09,43.09,64.4,82,40,1.12,GE,2020-06-28 01:49:54,scattered clouds,0.0,0.0
515,Juneau,58.3,-134.42,66.2,48,40,11.41,US,2020-06-28 01:45:00,scattered clouds,0.0,0.0
516,Namatanai,-3.67,152.43,83.01,77,71,10.71,PG,2020-06-28 01:49:54,moderate rain,1.14,0.0
517,Osa,57.28,55.46,51.04,91,93,13.89,RU,2020-06-28 01:49:54,overcast clouds,0.0,0.0
518,Ushtobe,45.25,77.98,65.28,40,100,14.27,KZ,2020-06-28 01:49:54,overcast clouds,0.0,0.0
519,Houma,29.6,-90.72,82.99,88,1,3.36,US,2020-06-28 01:49:55,clear sky,0.0,0.0
520,Aguas Vermelhas,-15.75,-41.46,63.09,94,31,3.04,BR,2020-06-28 01:49:55,light rain,0.18,0.0
521,Paita,-5.09,-81.11,64.81,86,24,9.66,PE,2020-06-28 01:49:55,few clouds,0.0,0.0
522,Hudiksvall,61.73,17.1,51.01,98,0,6.85,SE,2020-06-28 01:49:55,clear sky,0.0,0.0
523,El Alto,-4.27,-81.21,63.23,89,40,10.16,PE,2020-06-28 01:49:55,scattered clouds,0.0,0.0
524,Jalu,29.03,21.55,73.47,49,0,7.9,LY,2020-06-28 01:49:55,clear sky,0.0,0.0
525,Hualmay,-11.1,-77.61,61.65,86,79,8.32,PE,2020-06-28 01:49:55,broken clouds,0.0,0.0
526,Portland,45.52,-122.68,66.99,52,75,13.87,US,2020-06-28 01:45:54,broken clouds,0.0,0.0
527,Saint-Louis,16.33,-15.0,79.18,58,31,18.23,SN,2020-06-28 01:49:55,scattered clouds,0.0,0.0
528,Sainte-Suzanne,-20.91,55.61,69.8,83,90,14.99,RE,2020-06-28 01:49:55,overcast clouds,0.0,0.0
529,Xai-Xai,-25.05,33.64,61.88,45,0,11.03,MZ,2020-06-28 01:49:55,clear sky,0.0,0.0
530,Rio Bananal,-19.27,-40.33,67.89,89,0,3.51,BR,2020-06-28 01:49:55,clear sky,0.0,0.0
531,Belmonte,-15.86,-38.88,71.6,88,40,5.82,BR,2020-06-28 01:49:55,scattered clouds,0.0,0.0
532,Bowen,-20.02,148.23,73.0,83,90,12.75,AU,2020-06-28 01:49:55,overcast clouds,0.0,0.0
533,Saint-Augustin,51.23,-58.65,50.77,82,100,15.61,CA,2020-06-28 01:49:55,overcast clouds,0.0,0.0
534,Dali,25.7,100.18,68.52,76,99,5.46,CN,2020-06-28 01:49:55,overcast clouds,0.0,0.0
535,Hailar,49.2,119.7,77.83,33,49,7.96,CN,2020-06-28 01:49:55,scattered clouds,0.0,0.0
536,Taoudenni,22.68,-3.98,97.45,9,0,11.77,ML,2020-06-28 01:49:55,clear sky,0.0,0.0
537,Puerto Del Rosario,28.5,-13.86,71.6,73,90,18.34,ES,2020-06-28 01:49:56,overcast clouds,0.0,0.0
538,Chaohu,31.6,117.87,75.99,100,75,6.71,CN,2020-06-28 01:49:56,light intensity shower rain,0.0,0.0
539,Narsaq,60.92,-46.05,48.2,66,78,9.17,GL,2020-06-28 01:49:56,broken clouds,0.0,0.0
540,San Lazaro,18.04,-88.66,76.3,91,17,4.76,BZ,2020-06-28 01:49:56,few clouds,0.0,0.0
541,Chipinge,-20.19,32.62,55.44,59,0,1.88,ZW,2020-06-28 01:49:56,clear sky,0.0,0.0
542,Pacifica,37.61,-122.49,64.0,88,83,10.0,US,2020-06-28 01:49:56,broken clouds,0.0,0.0
543,Malanje,-9.54,16.34,55.33,66,0,2.8,AO,2020-06-28 01:49:56,clear sky,0.0,0.0
544,Aras,42.56,-2.36,68.0,72,1,5.82,ES,2020-06-28 01:49:56,clear sky,0.0,0.0
545,Asau,46.43,26.4,64.0,77,0,5.32,RO,2020-06-28 01:49:56,clear sky,0.0,0.0
546,Mosquera,4.71,-74.23,59.0,67,40,5.82,CO,2020-06-28 01:49:56,scattered clouds,0.0,0.0
547,El Bagre,7.59,-74.81,75.67,95,100,0.76,CO,2020-06-28 01:49:56,moderate rain,1.77,0.0
548,Wukari,7.85,9.78,74.37,89,100,8.39,NG,2020-06-28 01:49:56,light rain,0.11,0.0
549,Port Moresby,-9.44,147.18,86.0,70,40,10.29,PG,2020-06-28 01:49:56,haze,0.0,0.0
550,Boksitogorsk,59.47,33.85,56.93,64,44,6.89,RU,2020-06-28 01:49:56,scattered clouds,0.0,0.0
551,Medak,18.03,78.27,75.99,67,100,1.99,IN,2020-06-28 01:49:56,light rain,0.22,0.0
552,Guozhen,34.37,107.36,76.41,69,97,1.48,CN,2020-06-28 01:49:56,overcast clouds,0.0,0.0
553,Khandagayty,50.73,92.05,71.17,38,0,3.24,RU,2020-06-28 01:49:56,clear sky,0.0,0.0
554,Puerto Baquerizo Moreno,-0.9,-89.6,69.8,87,33,10.49,EC,2020-06-28 01:49:56,scattered clouds,0.0,0.0
555,Karari,25.45,81.43,87.91,58,74,7.85,IN,2020-06-28 01:49:56,light rain,0.37,0.0
556,Lahat,-3.8,103.53,81.09,72,26,1.48,ID,2020-06-28 01:49:56,scattered clouds,0.0,0.0
557,Svetlogorsk,52.63,29.73,64.42,86,85,7.09,BY,2020-06-28 01:49:57,overcast clouds,0.0,0.0
558,Sao Filipe,14.9,-24.5,74.12,85,2,10.09,CV,2020-06-28 01:49:57,clear sky,0.0,0.0
559,Ngunguru,-35.62,174.5,62.01,72,0,1.99,NZ,2020-06-28 01:49:57,clear sky,0.0,0.0
560,Menongue,-14.66,17.69,45.72,61,0,2.24,AO,2020-06-28 01:49:57,clear sky,0.0,0.0
561,Lashio,22.93,97.75,76.71,86,100,0.63,MM,2020-06-28 01:49:57,overcast clouds,0.0,0.0
562,Devils Lake,48.11,-98.87,87.8,45,1,12.75,US,2020-06-28 01:45:29,clear sky,0.0,0.0
563,Ternate,0.8,127.4,82.13,73,100,4.5,ID,2020-06-28 01:45:54,light rain,0.41,0.0
564,Naantali,60.47,22.02,57.2,82,63,3.36,FI,2020-06-28 01:49:57,broken clouds,0.0,0.0
565,Taywarah,33.35,64.42,53.46,59,0,6.26,AF,2020-06-28 01:49:57,clear sky,0.0,0.0
566,Paamiut,61.99,-49.67,40.69,87,100,2.51,GL,2020-06-28 01:49:57,overcast clouds,0.0,0.0
567,Hirara,24.8,125.28,86.0,79,75,14.99,JP,2020-06-28 01:49:57,broken clouds,0.0,0.0
568,Chiang Klang,19.29,100.86,82.4,88,40,1.57,TH,2020-06-28 01:49:57,scattered clouds,0.0,0.0
569,Puerto Lempira,15.27,-83.77,79.3,90,100,6.67,HN,2020-06-28 01:49:57,light rain,0.5,0.0
570,Bermeo,43.42,-2.72,68.0,82,75,2.24,ES,2020-06-28 01:49:57,broken clouds,0.0,0.0
